Workbook

Sheet o-Ride E_730
A1: 平台負載 | B1: 1500 | C1: kg | K1: 滾珠螺桿型號 | L1: 螺桿軸外徑(mm) | M1: 螺桿螺距(mm) | N1: 珠徑, Da(mm) | O1: 動額定負荷, Ca(kgf) | P1: 靜額定負荷, Coa(kfg) | Q1: 剛性, K(kg/um) | R1: 螺帽長度, L | T1: 伺服馬達型號 | U1: 伺服驅動器型號 | V1: 額定出力容量 | W1: 額定轉矩 | X1: 最大轉矩 | Y1: 額定回轉數 | Z1: 瞬間容許轉速 | AA1: 額定電流 | AB1: 最大電流 | AC1: 重量 | AD1: 軸心直徑 | AE1: 軸心長度 | AI1: 時規皮帶輪 | AJ1: 齒數 | AK1: 皮帶寬度 | AL1: 齒輪直徑, PD | AM1: 齒輪厚度,W
A2: 螺桿側軸力, Faxial | B2: 730 | C2: kgf | D2: 6 | E2: PCS | F2: =D2*B2 -> 4380 | G2: =C2 -> kgf | I2: 102 | K2: BP016x05 SPPJ4281 | L2: 16 | M2: 5 | N2: 3 | O2: 1020 | P2: 1551 | R2: 35 | S2: SKF | T2: 110MB040A-001000 | V2: 0.4 | W2: 1000 | X2: 3.82 | Y2: 2 | Z2: 1500 | AA2: 11.5 | AB2: 6 | AC2: 5.8 | AD2: 19 | AE2: =58-5.3 -> 52.7 | AF2: SYNTRON | AI2: HTPA18S8M250-A | AJ2: 18 | AK2: 25 | AL2: 45.84 | AM2: 33
A3: 缸行程 | B3: 200 | C3: mm | K3: BRF030x05 | L3: 30 | M3: 5 | O3: 9386 | P3: 18196 | R3: 85 | S3: SKF | T3: 110MB060D-001000 | V3: 0.6 | W3: 1500 | X3: 4 | Y3: 2.6 | Z3: 2000 | AA3: 12 | AB3: 7.8 | AC3: 5.8 | AD3: 19 | AE3: =58-5.3 -> 52.7 | AF3: SYNTRON | AI3: HTPA18S8M300-A | AJ3: 18 | AK3: 30 | AL3: 45.84 | AM3: 38
A4: 安裝角度 | B4: 90 | C4: degree | K4: BRF030x06 | L4: 30 | M4: 6 | O4: 9694 | P4: 17892 | R4: 85 | S4: SKF | T4: 110MB075B-001000 | V4: 0.75 | W4: 2000 | X4: 3.58 | Y4: 3.2 | Z4: 2500 | AA4: 10.7 | AB4: 9.6 | AC4: 5.8 | AD4: 19 | AE4: =58-5.3 -> 52.7 | AF4: SYNTRON | AI4: HTPA19S8M250-A | AJ4: 19 | AK4: 25 | AL4: 48.38 | AM4: 33
A5: 導引面磨擦係數 | B5: 0.01 | K5: BRF030x10 | L5: 30 | M5: 10 | O5: 10849 | P5: 17792 | R5: 85 | S5: SKF | T5: 110MB075D-001000 | V5: 0.75 | W5: 1500 | X5: 5 | Y5: 3.2 | Z5: 2000 | AA5: 12 | AB5: 9.6 | AC5: 6.6 | AD5: 19 | AE5: =58-5.3 -> 52.7 | AF5: SYNTRON | AI5: HTPA19S8M300-A | AJ5: 19 | AK5: 30 | AL5: 48.38 | AM5: 38
K6: BRF030x20 | L6: 30 | M6: 20 | O6: 12580 | P6: 18090 | R6: 85 | S6: SKF | T6: 110MB200C-R58B11 | U6: HS200AE | V6: 2 | W6: 3000 | X6: 6.4 | Y6: 9.5 | Z6: 5000 | AA6: 19.2 | AD6: 19 | AE6: 50 | AF6: SYNTRON | AI6: HTPA20S8M250-A | AJ6: 20 | AK6: 25 | AL6: 50.93 | AM6: 33
A7: 滾珠螺桿型號 | B7: FSDC-025x10_6.35-5 | K7: BRF036x06 | L7: 30 | M7: 6 | O7: 9230 | P7: 18305 | R7: 80 | S7: SKF | T7: 130MB300C-R48B11 | U7: HS300AE | V7: 3 | W7: 2000 | X7: 15 | Y7: 11.7 | Z7: 2300 | AA7: 15 | AD7: 22 | AE7: 52 | AF7: SYNTRON | AI7: HTPA20S8M300-A | AJ7: 20 | AK7: 30 | AL7: 50.93 | AM7: 38
A8: 螺桿軸外徑, DN | B8: =INDEX($K$2:$S$187,MATCH($B$7,$K$2:$K$187),2) -> 25 | C8: mm | K8: BRF036x09 | L8: 30 | M8: 9 | O8: 9951 | P8: 17760 | R8: 80 | S8: SKF | T8: ESM060A | U8: Mini OPDE | V8: 0.4 | W8: 3000 | X8: 1.274 | Y8: 2 | Z8: 4000 | AA8: 3.822 | AB8: 6 | AC8: 2 | AD8: 14 | AE8: 27 | AF8: HPB | AI8: HTPA21S8M250-A | AJ8: 21 | AK8: 25 | AL8: 53.48 | AM8: 33
A9: 螺桿導程pitch, Ph | B9: =INDEX($K$2:$S$187,MATCH($B$7,$K$2:$K$187),3) -> 10 | C9: mm/rev | K9: BRF036x12 | L9: 30 | M9: 12 | O9: 10878 | P9: 18480 | R9: 80 | S9: SKF | T9: ESM085A | U9: Mini OPDE | V9: 0.4 | W9: 2000 | X9: 1.9 | Y9: 2.5 | Z9: 4000 | AA9: 5.7 | AB9: 7.5 | AC9: 3 | AD9: 14 | AE9: 30 | AF9: HPB | AI9: HTPA21S8M300-A | AJ9: 21 | AK9: 30 | AL9: 53.48 | AM9: 38
A10: 動額定負荷, Ca | B10: =INDEX($K$2:$S$187,MATCH($B$7,$K$2:$K$187),5) -> 5050 | C10: kgf | K10: BRF036x18 | L10: 30 | M10: 18 | O10: 11647 | P10: 18017 | R10: 80 | S10: SKF | T10: ESM085B | U10: Mini OPDE | V10: 0.6 | W10: 2000 | X10: 2.84 | Y10: 3.2 | Z10: 4000 | AA10: 8.52 | AB10: 9 | AC10: 4 | AD10: 16 | AE10: 30 | AF10: HPB | AI10: HTPA22S8M250-A | AJ10: 22 | AK10: 25 | AL10: 56.02 | AM10: 33
A11: 靜額定負荷, Coa | B11: =INDEX($K$2:$S$187,MATCH($B$7,$K$2:$K$187),6) -> 11500 | C11: kgf | K11: BRF036x24 | L11: 30 | M11: 24 | O11: 12612 | P11: 18814 | R11: 80 | S11: SKF | T11: ESM085D | U11: Mini OPDE | V11: 1 | W11: 2000 | X11: 4.8 | Y11: 5.2 | Z11: 4000 | AA11: 14.4 | AB11: 15.6 | AC11: 6 | AD11: 16 | AE11: 30 | AF11: HPB | AI11: HTPA22S8M300-A | AJ11: 22 | AK11: 30 | AL11: 56.02 | AM11: 38
A12: 剛性, K | B12: =INDEX($K$2:$S$187,MATCH($B$7,$K$2:$K$187),7) -> 72 | C12: kgf/μm | K12: BRF039x10 | L12: 39 | M12: 10 | O12: 15573 | P12: 27646 | R12: 100 | S12: SKF | T12: ESM125E-220V | U12: Mini OPDE | V12: 3 | W12: 3000 | X12: 14.3 | Y12: 10 | Z12: 4000 | AA12: 42.9 | AC12: 13 | AD12: 28 | AE12: 51 | AF12: HPB | AI12: HTPA24S8M250-A | AJ12: 24 | AK12: 25 | AL12: 61.12 | AM12: 33
A13: 滾珠螺冒長度 | B13: =INDEX($K$2:$S$187,MATCH($B$7,$K$2:$K$187),8) -> 78 | C13: mm | K13: BRF039x20 | L13: 39 | M13: 20 | O13: 17635 | P13: 26621 | R13: 100 | S13: SKF | T13: ESM125E-380V | U13: Mini OPDE | V13: 3 | W13: 3000 | X13: 14.3 | Y13: 6.7 | Z13: 4000 | AA13: 42.9 | AC13: 13 | AD13: 28 | AE13: 51 | AF13: HPB | AI13: HTPA24S8M300-A | AJ13: 24 | AK13: 30 | AL13: 61.12 | AM13: 38
A14: 滾珠螺桿總長度, L | B14: =+B3+B13+200 -> 478 | C14: mm | K14: BRF048x10 | L14: 48 | M14: 10 | O14: 23627 | P14: 48481 | R14: 127 | S14: SKF | T14: HC-RP 103(B) | U14: MR-J3 200 | V14: 1 | W14: 3000 | X14: 3.18 | Y14: 6.1 | Z14: 5175 | AA14: 7.95 | AB14: 18 | AC14: 6 | AD14: 24 | AE14: 40 | AF14: Mitsubishi | AI14: HTPA25S8M250-A | AJ14: 25 | AK14: 25 | AL14: 63.66 | AM14: 33
A15: 滾珠螺桿重量, WS | B15: =ROUND(0.25*B8^2*PI()*B14*7850/1000000000,2) -> 1.84 | C15: kg | K15: BRF048x20 | L15: 48 | M15: 20 | O15: 27111 | P15: 47170 | R15: 127 | S15: SKF | T15: HC-RP 105(B) | U15: MR-J3 200 | V15: 1.5 | W15: 3000 | X15: 4.78 | Y15: 8.8 | Z15: 5175 | AA15: 11.9 | AB15: 23 | AC15: 7 | AD15: 24 | AE15: 40 | AF15: Mitsubishi | AI15: HTPA25S8M300-A | AJ15: 25 | AK15: 30 | AL15: 63.66 | AM15: 38
K16: BRF056x12 | L16: 56 | M16: 12 | O16: 21650 | P16: 44196 | R16: 112 | S16: SKF | T16: HC-RP 203(B) | U16: MR-J3 350 | V16: 2 | W16: 3000 | X16: 6.37 | Y16: 14 | Z16: 5175 | AA16: 15.9 | AB16: 37 | AC16: 8.3 | AD16: 24 | AE16: 40 | AF16: Mitsubishi | AI16: HTPA26S8M250-A | AJ16: 26 | AK16: 25 | AL16: 66.21 | AM16: 33
A17: 最大加速度要求 | B17: 0.3 | C17: g | D17: =+B17*9.81 -> 2.943 | E17: m/s2 | F17: =+D17*1000 -> 2943 | G17: mm/s2 | K17: BRF056x24 | L17: 56 | M17: 24 | O17: 24716 | P17: 42770 | R17: 112 | S17: SKF | T17: HC-RP 353(B) | U17: MR-J3 200 | V17: 1.5 | W17: 2000 | X17: 7.16 | Y17: 8 | Z17: 3450 | AA17: 21.5 | AB17: 24 | AC17: 10.3 | AD17: 24 | AE17: 50 | AF17: Mitsubishi | AI17: HTPA26S8M300-A | AJ17: 26 | AK17: 30 | AL17: 66.21 | AM17: 38
A18: ※角度單位為 rad => 2π rad = 360º = 1 rev (rev = revolutions) | K18: BRF060x10 | L18: 60 | M18: 10 | O18: 34548 | P18: 79560 | R18: 152 | S18: SKF | T18: HC-RP 503(B) | U18: MR-J3 500 | V18: 5 | W18: 3000 | X18: 15.9 | Y18: 28 | Z18: 5175 | AA18: 39.7 | AB18: 70 | AC18: 21 | AD18: 28 | AE18: 58 | AF18: Mitsubishi | AI18: HTPA28S8M250-A | AJ18: 28 | AK18: 25 | AL18: 71.3 | AM18: 33
A19: ※角速度單位為 rad/s => 2π rad/s = 1 rev/s = 60 rev/min = 60 rpm | K19: BRF060x20 | L19: 60 | M19: 20 | O19: 40303 | P19: 80169 | R19: 152 | S19: SKF | T19: HF-SP 102(B) | U19: MR-J3 200 | V19: 3.5 | W19: 2000 | X19: 16.7 | Y19: 16 | Z19: 3450 | AA19: 50.1 | AB19: 48 | AC19: 25 | AD19: 35 | AE19: 75 | AF19: Mitsubishi | AI19: HTPA28S8M300-A | AJ19: 28 | AK19: 30 | AL19: 71.3 | AM19: 38
A20: ※角加速度單位為 rad/s2 => 2π rad/s2 = 1 rev/s2 | K20: BRF064x12 | L20: 64 | M20: 12 | O20: 30243 | P20: 77888 | R20: 129 | S20: SKF | T20: HF-SP 152(B) | U20: MR-J3 200 | V20: 1.5 | W20: 2000 | X20: 7.16 | Y20: 8 | Z20: 3450 | AA20: 21.5 | AB20: 24 | AC20: 10.3 | AD20: 24 | AE20: 50 | AF20: Mitsubishi | AI20: HTPA30S8M150-A | AJ20: 30 | AK20: 15 | AL20: 28.65 | AM20: 21
K21: BRF064x24 | L21: 64 | M21: 24 | O21: 33564 | P21: 70369 | R21: 129 | S21: SKF | T21: HF-SP 202(B) | U21: MR-J3 200 | V21: 7 | W21: 2000 | X21: 33.4 | Y21: 33 | Z21: 3450 | AA21: 100 | AB21: 99 | AC21: 38 | AD21: 35 | AE21: 75 | AF21: Mitsubishi | AI21: HTPA30S8M250-A | AJ21: 30 | AK21: 25 | AL21: 76.39 | AM21: 33
A22: 角加速度 | B22: =+F17/B9 -> 294.3 | C22: rev/s2 | D22: =+ROUND(B22*2*PI(),0) -> 1849 | E22: rad/s2 | K22: BRF075x10 | L22: 75 | M22: 10 | O22: 51516 | P22: 151702 | R22: 191 | S22: SKF | T22: HF-SP 352(B) | U22: MR-J3 200 | V22: 3.5 | W22: 2000 | X22: 16.7 | Y22: 16 | Z22: 3450 | AA22: 50.1 | AB22: 48 | AC22: 25 | AD22: 35 | AE22: 75 | AF22: Mitsubishi | AI22: HTPA30S8M300-A | AJ22: 30 | AK22: 30 | AL22: 76.39 | AM22: 38
A23: 加速時間要求 | B23: 0.01 | C23: s | K23: BRF075x20 | L23: 75 | M23: 20 | O23: 58394 | P23: 152640 | R23: 191 | S23: SKF | T23: HF-SP 502(B) | U23: MR-J3 500 | V23: 3.5 | W23: 3000 | X23: 11.1 | Y23: 23 | Z23: 5175 | AA23: 27.9 | AB23: 58 | AC23: 15 | AD23: 28 | AE23: 58 | AF23: Mitsubishi | AI23: HTPA32S8M250-A | AJ23: 32 | AK23: 25 | AL23: 81.49 | AM23: 33
A24: 最快速度要求,vmax | B24: 0.22 | C24: m/s | D24: =+B24*1000 -> 220 | E24: mm/s | F24: =+B24*60 -> 13.2 | G24: m/min | H24: =+D24*60 -> 13200 | I24: mm/min | K24: BRF080x12 | L24: 80 | M24: 12 | O24: 41864 | P24: 118690 | R24: 156 | S24: SKF | T24: HF-SP 702(B) | U24: MR-J3 200 | V24: 7 | W24: 2000 | X24: 33.4 | Y24: 33 | Z24: 3450 | AA24: 100 | AB24: 99 | AC24: 38 | AD24: 35 | AE24: 75 | AF24: Mitsubishi | AI24: HTPA32S8M300-A | AJ24: 32 | AK24: 30 | AL24: 81.49 | AM24: 38
K25: BRF080x18 | L25: 80 | M25: 18 | O25: 46524 | P25: 119146 | R25: 156 | S25: SKF | T25: HG-JR103(B)_200V | U25: MR-J4-100A/B | V25: 1 | W25: 3000 | X25: 3.2 | Y25: 5.6 | Z25: 6000 | AA25: 9.6 | AB25: 17 | AC25: 4.5 | AD25: 16 | AE25: 30 | AF25: Mitsubishi | AI25: HTPA34S8M250-A | AJ25: 34 | AK25: 25 | AL25: 86.58 | AM25: 33
A26: 伺服馬達型號 | B26: SME-L20020SDBU | K26: BRF080x24 | L26: 80 | M26: 24 | O26: 46816 | P26: 119598 | R26: 156 | S26: SKF | T26: HG-JR153(B)_200V | U26: MR-J4-200A/B | V26: 1.5 | W26: 3000 | X26: 4.8 | Y26: 11 | Z26: 6000 | AA26: 14.3 | AB26: 32 | AC26: 5.9 | AD26: 16 | AE26: 30 | AF26: Mitsubishi | AI26: HTPA34S8M300-A | AJ26: 34 | AK26: 30 | AL26: 86.58 | AM26: 38
A27: 伺服驅動器型號 | B27: =INDEX($T$2:$AF$137,MATCH($B$26,$T$2:$T$137),2) -> SDE-200A2U | K27: BRF099x20 | L27: 99 | M27: 20 | O27: 94373 | P27: 315351 | R27: 260 | S27: SKF | T27: HG-JR203(B)_200V | U27: MR-J4-200A/B | V27: 2 | W27: 3000 | X27: 6.4 | Y27: 11 | Z27: 6000 | AA27: 19.1 | AB27: 32 | AC27: 7.5 | AD27: 16 | AE27: 30 | AF27: Mitsubishi | AI27: HTPA36S8M250-A | AJ27: 36 | AK27: 25 | AL27: 91.67 | AM27: 33
A28: 額定出力容量 | B28: =INDEX($T$2:$AF$137,MATCH($B$26,$T$2:$T$137),3) -> 2 | C28: kW | K28: BRF100x24 | L28: 100 | M28: 24 | O28: 66919 | P28: 186308 | R28: 195 | S28: SKF | T28: HG-JR353(B)_200V | U28: MR-J4-350A/B | V28: 3.5 | W28: 3000 | X28: 10.5 | Y28: 17 | Z28: 6000 | AA28: 32 | AB28: 51 | AC28: 13 | AD28: 28 | AE28: 50 | AF28: Mitsubishi | AI28: HTPA36S8M300-A | AJ28: 36 | AK28: 30 | AL28: 91.67 | AM28: 38
A29: 馬達額定扭力, Tdrive | B29: =INDEX($T$2:$AF$137,MATCH($B$26,$T$2:$T$137),5) -> 9.55 | C29: N-m | K29: BRF120x24 | L29: 120 | M29: 24 | O29: 93369 | P29: 308883 | R29: 240 | S29: SKF | T29: HG-JR503(B)_200V | U29: MR-J4-500A/B | V29: 5 | W29: 3000 | X29: 15.9 | Y29: 27 | Z29: 6000 | AA29: 47.7 | AB29: 81 | AC29: 18 | AD29: 28 | AE29: 50 | AF29: Mitsubishi | AI29: HTPA38S8M250-A | AJ29: 38 | AK29: 25 | AL29: 96.77 | AM29: 33
A30: 最大轉矩 | B30: =INDEX($T$2:$AF$137,MATCH($B$26,$T$2:$T$137),8) -> 28.5 | C30: N-m | K30: BRF120x25 | L30: 120 | M30: 25 | O30: 115044 | P30: 412038 | R30: 280 | S30: SKF | T30: HG-JR53(B) | U30: MR-J4-60A/B | V30: 0.5 | W30: 3000 | X30: 1.6 | Y30: 3 | Z30: 6000 | AA30: 4.8 | AB30: 9 | AC30: 3 | AD30: 16 | AE30: 30 | AF30: Mitsubishi | AI30: HTPA38S8M300-A | AJ30: 38 | AK30: 30 | AL30: 96.77 | AM30: 38
A31: 馬達額定轉速, Rrpm | B31: =INDEX($T$2:$AF$137,MATCH($B$26,$T$2:$T$137),4) -> 2000 | C31: rpm | K31: BRF150x25 | L31: 150 | M31: 25 | O31: 162911 | P31: 695515 | R31: 400 | S31: SKF | T31: HG-JR703(B)_200V | U31: MR-J4-700A/B | V31: 7 | W31: 3000 | X31: 22.3 | Y31: 34 | Z31: 6000 | AA31: 66.8 | AB31: 103 | AC31: 29 | AD31: 35 | AE31: 75 | AF31: Mitsubishi | AI31: HTPA40S8M250-A | AJ31: 40 | AK31: 25 | AL31: 101.86 | AM31: 33
A32: 瞬間容許轉速 | B32: =INDEX($T$2:$AF$137,MATCH($B$26,$T$2:$T$137),7) -> 3500 | C32: rpm | K32: BRF150x36 | L32: 150 | M32: 36 | O32: 118053 | P32: 419193 | R32: 305 | S32: SKF | T32: HG-JR73(B) | U32: MR-J4-70A/B | V32: 0.75 | W32: 3000 | X32: 2.4 | Y32: 5.6 | Z32: 6000 | AA32: 7.2 | AB32: 17 | AC32: 3.7 | AD32: 16 | AE32: 30 | AF32: Mitsubishi | AI32: HTPA40S8M300-A | AJ32: 40 | AK32: 30 | AL32: 101.86 | AM32: 38
A33: 額定電流 | B33: =INDEX($T$2:$AF$137,MATCH($B$26,$T$2:$T$137),6) -> 11 | C33: A | K33: BRF180x30 | L33: 180 | M33: 30 | O33: 200239 | P33: 925410 | R33: 515 | S33: SKF | T33: HG-JR903(B)_200V | U33: MR-J4-11KA/B | V33: 9 | W33: 3000 | X33: 28.6 | Y33: 41 | Z33: 6000 | AA33: 85.8 | AB33: 134 | AC33: 36 | AD33: 35 | AE33: 75 | AF33: Mitsubishi | AI33: HTPA44S8M250-A | AJ33: 44 | AK33: 25 | AL33: 112.05 | AM33: 33
A34: 最大電流 | B34: =INDEX($T$2:$AF$137,MATCH($B$26,$T$2:$T$137),9) -> 33 | C34: A | K34: BRF210x30 | L34: 210 | M34: 30 | O34: 234245 | P34: 1160741 | R34: 550 | S34: SKF | T34: HG-KN43B-K(B) | U34: MR-JE-40A | V34: 0.4 | W34: 3000 | X34: 1.3 | Y34: 2.6 | Z34: 5000 | AA34: 3.8 | AB34: 7.8 | AC34: 1.9 | AD34: 14 | AE34: 26 | AF34: Mitsubishi | AI34: HTPA44S8M300-A | AJ34: 44 | AK34: 30 | AL34: 112.05 | AM34: 38
A35: 重量 | B35: =INDEX($T$2:$AF$137,MATCH($B$26,$T$2:$T$137),10) -> 9.9 | C35: kg | K35: FDWE-050x20_6.35-3.5 | L35: 50 | M35: 20 | N35: 6.35 | O35: 4560 | P35: 13230 | Q35: 149 | R35: 155 | S35: PMI | T35: HG-KR053(B) | U35: MR-J4-10A/B | V35: 0.05 | W35: 3000 | X35: 0.16 | Y35: 0.9 | Z35: 6900 | AA35: 0.56 | AB35: 3.2 | AC35: 0.54 | AD35: 8 | AE35: 21.5 | AF35: Mitsubishi | AI35: HTPA48S8M150-A | AJ35: 48 | AK35: 15 | AL35: 45.84 | AM35: 21
A36: 軸心直徑 | B36: =INDEX($T$2:$AF$137,MATCH($B$26,$T$2:$T$137),11) -> 24 | C36: mm | K36: FDWE-050x20_6.35-5 | L36: 50 | M36: 20 | N36: 6.35 | O36: 5580 | P36: 16710 | Q36: 185 | R36: 175 | S36: PMI | T36: HG-KR13(B) | U36: MR-J4-10A/B | V36: 0.1 | W36: 3000 | X36: 0.32 | Y36: 0.7 | Z36: 6900 | AA36: 1.1 | AB36: 2.5 | AC36: 0.74 | AD36: 8 | AE36: 21.5 | AF36: Mitsubishi | AI36: HTPA48S8M250-A | AJ36: 48 | AK36: 25 | AL36: 122.23 | AM36: 33
A37: 軸心長度 | B37: =INDEX($T$2:$AF$137,MATCH($B$26,$T$2:$T$137),12) -> 50 | C37: mm | K37: FEM-E-C-016x10R | L37: 16 | M37: 10 | N37: 3 | O37: 1172 | P37: 1255 | R37: 45 | S37: Rexroth | T37: HG-KR23(B) | U37: MR-J4-20A/B | V37: 0.2 | W37: 3000 | X37: 0.64 | Y37: 1.3 | Z37: 6900 | AA37: 2.2 | AB37: 4.6 | AC37: 1.3 | AD37: 14 | AE37: 26 | AF37: Mitsubishi | AI37: HTPA48S8M300-A | AJ37: 48 | AK37: 30 | AL37: 122.23 | AM37: 38
K38: FEM-E-C-016x16Rx3-4 | L38: 16 | M38: 16 | N38: 3 | O38: 1143 | P38: 1224 | R38: 61 | S38: Rexroth | T38: HG-KR43(B) | U38: MR-J4-40A/B | V38: 0.4 | W38: 3000 | X38: 1.3 | Y38: 2.6 | Z38: 6900 | AA38: 4.5 | AB38: 9.1 | AC38: 1.8 | AD38: 14 | AE38: 26 | AF38: Mitsubishi | AI38: HTPA50S8M250-A | AJ38: 50 | AK38: 25 | AL38: 127.32 | AM38: 33
A39: 伺服馬達側齒輪規格(傳動) | B39: HTPA32S8M250-A | K39: FEM-E-C-020x05Rx3-4 | L39: 20 | M39: 5 | N39: 3 | O39: 1755 | P39: 2194 | R39: 40 | S39: Rexroth | T39: HG-KR73(B) | U39: MR-J4-70A/B | V39: 0.75 | W39: 3000 | X39: 2.4 | Y39: 4.9 | Z39: 6900 | AA39: 8.4 | AB39: 17.2 | AC39: 3.8 | AD39: 19 | AE39: 36 | AF39: Mitsubishi | AI39: HTPA50S8M300-A | AJ39: 50 | AK39: 30 | AL39: 127.32 | AM39: 38
A40: 傳動側齒數, N1 | B40: =INDEX($AI$2:$AM$53,MATCH($B$39,$AI$2:$AI$53),2) -> 32 | K40: FEM-E-C-020x10Rx3-4 | L40: 20 | M40: 10 | N40: 3 | O40: 1724 | P40: 2173 | R40: 60 | S40: Rexroth | T40: HG-MR053(B) | U40: MR-J4-10A/B | V40: 0.05 | W40: 3000 | X40: 0.16 | Y40: 1 | Z40: 6900 | AA40: 0.48 | AB40: 3.1 | AC40: 0.54 | AD40: 8 | AE40: 21.5 | AF40: Mitsubishi | AI40: HTPA60S8M250-A | AJ40: 60 | AK40: 25 | AL40: 152.79 | AM40: 33
A41: 皮帶寬度 | B41: =INDEX($AI$2:$AM$53,MATCH($B$39,$AI$2:$AI$53),3) -> 25 | K41: FEM-E-C-020x20Rx3.5-2 | L41: 20 | M41: 20 | N41: 3.5 | O41: 1633 | P41: 1918 | R41: 57 | S41: Rexroth | T41: HG-MR13(B) | U41: MR-J4-10A/B | V41: 0.1 | W41: 3000 | X41: 0.32 | Y41: 0.8 | Z41: 6900 | AA41: 0.95 | AB41: 2.5 | AC41: 0.74 | AD41: 8 | AE41: 21.5 | AF41: Mitsubishi | AI41: HTPA60S8M300-A | AJ41: 60 | AK41: 30 | AL41: 152.79 | AM41: 38
A42: 小齒輪直徑, PD | B42: =INDEX($AI$2:$AM$53,MATCH($B$39,$AI$2:$AI$53),4) -> 81.49 | C42: mm | K42: FEM-E-C025x05Rx3-4 | L42: 25 | M42: 5 | N42: 3 | O42: 1949 | P42: 2776 | R42: 45 | S42: Rexroth | T42: HG-MR23(B) | U42: MR-J4-20A/B | V42: 0.2 | W42: 3000 | X42: 0.64 | Y42: 1.4 | Z42: 6900 | AA42: 1.9 | AB42: 5.3 | AC42: 1.3 | AD42: 14 | AE42: 26 | AF42: Mitsubishi | AI42: W-24S-MPB | AJ42: 24 | AK42: 33 | AL42: 61.12 | AM42: 33
A43: 小齒輪厚度,W | B43: =INDEX($AI$2:$AM$53,MATCH($B$39,$AI$2:$AI$53),5) -> 33 | C43: mm | K43: FEM-E-C025x10Rx3-4 | L43: 25 | M43: 10 | N43: 3 | O43: 1918 | P43: 2755 | R43: 64 | S43: Rexroth | T43: HG-MR43(B) | U43: MR-J4-40A/B | V43: 0.4 | W43: 3000 | X43: 1.3 | Y43: 2.6 | Z43: 6900 | AA43: 3.8 | AB43: 9 | AC43: 1.8 | AD43: 14 | AE43: 26 | AF43: Mitsubishi | AI43: W-30S-MPB | AJ43: 30 | AK43: 32 | AL43: 75.01 | AM43: 33
K44: FEM-E-C025x25Rx3.5-2 | L44: 25 | M44: 10 | N44: 3.5 | O44: 1235 | P44: 1541 | R44: 70 | S44: Rexroth | T44: HG-MR73(B) | U44: MR-J4-70A/B | V44: 0.75 | W44: 3000 | X44: 2.4 | Y44: 6 | Z44: 6900 | AA44: 7.2 | AB44: 20 | AC44: 3.8 | AD44: 19 | AE44: 36 | AF44: Mitsubishi | AI44: W-48S-MPB | AJ44: 48 | AK44: 33 | AL44: 122.23 | AM44: 33
A45: 滾珠螺桿側齒輪規格(從動) | B45: HTPA48S8M250-A | K45: FEM-E-C032x05Rx3.5-4 | L45: 32 | M45: 5 | N45: 3.5 | O45: 2643 | P45: 4082 | R45: 48 | S45: Rexroth | T45: HG-SR102(B) | U45: MR-J4-100A/B | V45: 1 | W45: 2000 | X45: 4.8 | Y45: 5.6 | Z45: 3000 | AA45: 14.3 | AB45: 17 | AC45: 6.2 | AD45: 24 | AE45: 50 | AF45: Mitsubishi | AI45: W-60S-MPB | AJ45: 60 | AK45: 32 | AL45: 151.41 | AM45: 33
A46: 從動側齒數, N2 | B46: =INDEX($AI$2:$AM$53,MATCH($B$45,$AI$2:$AI$53),2) -> 48 | K46: FEM-E-C032x10Rx3.969-5 | L46: 32 | M46: 10 | N46: 3.969 | O46: 3878 | P46: 5949 | R46: 77 | S46: Rexroth | T46: HG-SR121(B) | U46: MR-J4-200A/B | V46: 1.2 | W46: 1000 | X46: 11.5 | Y46: 7.1 | Z46: 1500 | AA46: 34.4 | AB46: 22.7 | AC46: 17 | AD46: 35 | AE46: 75 | AF46: Mitsubishi | AI46: Y-30S-MPB | AJ46: 30 | AK46: 16 | AL46: 76.4 | AM46: 33
A47: 皮帶寬度 | B47: =INDEX($AI$2:$AM$53,MATCH($B$45,$AI$2:$AI$53),3) -> 25 | K47: FEM-E-C032x20Rx3.969-2 | L47: 32 | M47: 20 | N47: 3.969 | O47: 1653 | P47: 2224 | R47: 64 | S47: Rexroth | T47: HG-SR152(B) | U47: MR-J4-200A/B | V47: 1.5 | W47: 2000 | X47: 7.2 | Y47: 9.4 | Z47: 3000 | AA47: 21.5 | AB47: 29 | AC47: 7.3 | AD47: 24 | AE47: 50 | AF47: Mitsubishi | AI47: Y-34S-QT | AJ47: 34 | AK47: 16 | AL47: 86.6 | AM47: 28.1
A48: 大齒輪直徑, PD | B48: =INDEX($AI$2:$AM$53,MATCH($B$45,$AI$2:$AI$53),4) -> 122.23 | C48: mm | K48: FEM-E-C032x32Rx3.969-2 | L48: 32 | M48: 32 | N48: 3.969 | O48: 1643 | P48: 2245 | R48: 88 | S48: Rexroth | T48: HG-SR201(B) | U48: MR-J4-200A/B | V48: 2 | W48: 1000 | X48: 19.1 | Y48: 9.4 | Z48: 1500 | AA48: 57.3 | AB48: 30.1 | AC48: 22 | AD48: 35 | AE48: 75 | AF48: Mitsubishi | AI48: Y-36S-MPB | AJ48: 36 | AK48: 16 | AL48: 91.7 | AM48: 33
A49: 大齒輪厚度, W | B49: =INDEX($AI$2:$AM$53,MATCH($B$45,$AI$2:$AI$53),5) -> 33 | C49: mm | K49: FEM-E-C040x05Rx3.5-5 | L49: 40 | M49: 5 | N49: 3.5 | O49: 3561 | P49: 6541 | R49: 54 | S49: Rexroth | T49: HG-SR202(B) | U49: MR-J4-200A/B | V49: 2 | W49: 2000 | X49: 9.5 | Y49: 9.6 | Z49: 3000 | AA49: 28.6 | AB49: 31 | AC49: 11 | AD49: 35 | AE49: 75 | AF49: HPB | AI49: Y-38S-MPB | AJ49: 38 | AK49: 16 | AL49: 96.8 | AM49: 33
K50: FEM-E-C040x10Rx6-4 | L50: 40 | M50: 10 | N50: 6 | O50: 6122 | P50: 8816 | R50: 70 | S50: Rexroth | T50: HG-SR301(B) | U50: MR-J4-350A/B | V50: 3 | W50: 1000 | X50: 28.6 | Y50: 13 | Z50: 1500 | AA50: 85.9 | AB50: 41.6 | AC50: 26 | AD50: 35 | AE50: 75 | AF50: HPB | AI50: Y-44S-MPB | AJ50: 44 | AK50: 16 | AL50: 112 | AM50: 33
A51: 減速比(Slave/Drive), i | B51: =+B46/B40 -> 1.5 | K51: FEM-E-C040x10Rx6-6 | L51: 40 | M51: 10 | N51: 6 | O51: 8827 | P51: 13490 | R51: 90 | S51: Rexroth | T51: HG-SR352(B) | U51: MR-J4-350A/B | V51: 3.5 | W51: 2000 | X51: 16.7 | Y51: 14 | Z51: 3000 | AA51: 50.1 | AB51: 45 | AC51: 16 | AD51: 35 | AE51: 75 | AF51: HPB | AI51: Y-50S-MPB | AJ51: 50 | AK51: 16 | AL51: 127.3 | AM51: 33
K52: FEM-E-C040x20Rx6-3 | L52: 40 | M52: 20 | N52: 6 | O52: 4643 | P52: 6408 | R52: 88 | S52: Rexroth | T52: HG-SR421(B) | U52: MR-J4-500A/B | V52: 4.2 | W52: 1000 | X52: 40.1 | Y52: 19 | Z52: 1500 | AA52: 120 | AB52: 60.8 | AC52: 33 | AD52: 35 | AE52: 75 | AF52: HPB | AI52: Y-52S-MPB | AJ52: 52 | AK52: 16 | AL52: 132.4 | AM52: 33
K53: FEM-E-C040x40Rx6-2 | L53: 40 | M53: 40 | N53: 6 | O53: 3122 | P53: 4112 | R53: 102 | S53: Rexroth | T53: HG-SR502(B) | U53: MR-J4-500A/B | V53: 5 | W53: 2000 | X53: 23.9 | Y53: 22 | Z53: 3000 | AA53: 71.6 | AB53: 70 | AC53: 20 | AD53: 35 | AE53: 75 | AF53: HPB | AI53: Y-56S-MPB | AJ53: 56 | AK53: 16 | AL53: 142.6 | AM53: 33
K54: FEM-E-C050x05Rx3.5-5 | L54: 50 | M54: 5 | N54: 3.5 | O54: 3918 | P54: 8296 | R54: 54 | S54: Rexroth | T54: HG-SR51(B) | U54: MR-J4-60A/B | V54: 0.5 | W54: 1000 | X54: 4.8 | Y54: 2.8 | Z54: 1500 | AA54: 14.3 | AB54: 9 | AC54: 8.2 | AD54: 24 | AE54: 50 | AF54: HPB
A55: 重力加速度,g | B55: 9810 | C55: mm/sec2 | D55: =+B55/1000 -> 9.81 | E55: m/sec2 | K55: FEM-E-C050x10Rx6-6 | L55: 50 | M55: 10 | N55: 6 | O55: 9755 | P55: 16990 | R55: 90 | S55: Rexroth | T55: HG-SR52(B) | U55: MR-J4-60A/B | V55: 0.5 | W55: 2000 | X55: 2.4 | Y55: 2.9 | Z55: 3000 | AA55: 7.2 | AB55: 9 | AC55: 4.8 | AD55: 24 | AE55: 50 | AF55: HPB
A56: 全行程轉數, N | B56: =+B3/B9 -> 20 | C56: rev | K56: FEM-E-C050x16Rx6-6 | L56: 50 | M56: 16 | N56: 6 | O56: 9724 | P56: 16939 | R56: 128 | S56: Rexroth | T56: HG-SR702(B) | U56: MR-J4-700A/B | V56: 7 | W56: 2000 | X56: 33.4 | Y56: 26 | Z56: 3000 | AA56: 100 | AB56: 83 | AC56: 27 | AD56: 35 | AE56: 75 | AF56: HPB
A57: 最高額定速度, Vrated | B57: =+B31*B9/B51 -> 13333.333 | C57: mm/min | D57: =+B57/1000 -> 13.333333 | E57: m/min | F57: =+ROUND(B57/60,2) -> 222.22 | G57: mm/s | K57: FEM-E-C050x20Rx6.5-3 | L57: 50 | M57: 20 | N57: 6.5 | O57: 5867 | P57: 8969 | R57: 92 | S57: Rexroth | T57: HG-SR81(B) | U57: MR-J4-100A/B | V57: 0.85 | W57: 1000 | X57: 8.1 | Y57: 5.2 | Z57: 1500 | AA57: 24.4 | AB57: 16.6 | AC57: 9.3 | AD57: 24 | AE57: 50 | AF57: HPB
H58: =+ROUND(D58/60,2) -> 0 | I58: m/s | K58: FEM-E-C050x40Rx6.5-2 | L58: 50 | M58: 40 | N58: 6.5 | O58: 3929 | P58: 5694 | R58: 109 | S58: Rexroth | T58: PM072-10 | V58: 1.6 | W58: 1000 | X58: 15.6 | Y58: 2.9 | Z58: 7000 | AA58: 42.1 | AB58: 0 | AC58: 21 | AD58: 24 | AE58: 50 | AF58: HPB
K59: FEM-E-C063x10Rx6-6 | L59: 63 | M59: 10 | N59: 6 | O59: 10878 | P59: 21867 | R59: 90 | S59: Rexroth | T59: PM072-15 | V59: 2.5 | W59: 1500 | X59: 15.6 | Y59: 4.3 | Z59: 7000 | AA59: 42.1 | AB59: 0 | AC59: 21 | AD59: 24 | AE59: 50 | AF59: HPB
A60: 適用螺桿導程, l | B60: =+F24*1000/(B31/B51) -> 9.9 | C60: mm | D60: 目前選用導程 | E60: =+B9 -> 10 | F60: mm | K60: FEM-E-C063x20Rx6.5-3 | L60: 63 | M60: 20 | N60: 6.5 | O60: 6510 | P60: 11439 | R60: 92 | S60: Rexroth | T60: PM072-20 | V60: 3.3 | W60: 2000 | X60: 15.6 | Y60: 5.7 | Z60: 7000 | AA60: 42.1 | AB60: 0 | AC60: 21 | AD60: 24 | AE60: 50 | AF60: HPB
K61: FOIC-025x05_4-3 | L61: 25 | M61: 5 | N61: 4 | O61: 1250 | P61: 3070 | Q61: 67 | R61: 76 | S61: PMI | T61: PM072-30 | V61: 4.9 | W61: 3000 | X61: 15.6 | Y61: 8.6 | Z61: 7000 | AA61: 42.1 | AB61: 0 | AC61: 21 | AD61: 24 | AE61: 50 | AF61: HPB
K62: FOIC-025x06_3.969-3 | L62: 25 | M62: 6 | N62: 3.969 | O62: 1275 | P62: 2740 | Q62: 52 | R62: 77 | S62: PMI | T62: PM074-10 | V62: 2.5 | W62: 1000 | X62: 24 | Y62: 4.3 | Z62: 7000 | AA62: 64.8 | AB62: 0 | AC62: 24 | AD62: 24 | AE62: 50 | AF62: HPB
K63: FOIC-025x08_3.969-3 | L63: 25 | M63: 8 | N63: 3.969 | O63: 1275 | P63: 2740 | Q63: 52 | R63: 85 | S63: PMI | T63: PM074-15 | V63: 3.8 | W63: 1500 | X63: 24 | Y63: 6.5 | Z63: 7000 | AA63: 64.8 | AB63: 0 | AC63: 24 | AD63: 24 | AE63: 50 | AF63: HPB
A64: 最快速時滾珠螺桿之轉速 | B64: =+D24/$B$9 -> 22 | C64: rev/s | D64: =+B64*60 -> 1320 | E64: rpm | K64: FOIC-025x10_4.762-2 | L64: 25 | M64: 10 | N64: 4.762 | O64: 1140 | P64: 2140 | Q64: 36 | R64: 88 | S64: PMI | T64: PM074-20 | V64: 5 | W64: 2000 | X64: 24 | Y64: 8.7 | Z64: 7000 | AA64: 64.8 | AB64: 0 | AC64: 24 | AD64: 24 | AE64: 50 | AF64: HPB
A65: 最快速時伺服馬達之轉速 | B65: =+B64*B51 -> 33 | C65: rev/s | D65: =+B65*60 -> 1980 | E65: rpm | K65: FOIC-025x10_4.762-3 | L65: 25 | M65: 10 | N65: 4.762 | O65: 1610 | P65: 3210 | Q65: 53 | R65: 102 | S65: PMI | T65: PM074-30 | V65: 7.5 | W65: 3000 | X65: 24 | Y65: 13 | Z65: 7000 | AA65: 64.8 | AB65: 0 | AC65: 24 | AD65: 24 | AE65: 50 | AF65: HPB
K66: FOIC-028x06_3.175-3 | L66: 28 | M66: 6 | N66: 3.175 | O66: 1030 | P66: 2630 | Q66: 56 | R66: 69 | S66: PMI | T66: PM076-10 | V66: 3.4 | W66: 1000 | X66: 32 | Y66: 5.9 | Z66: 7000 | AA66: 86.4 | AB66: 0 | AC66: 27 | AD66: 24 | AE66: 50 | AF66: HPB
A67: 每日運轉小時數 | B67: 10 | C67: hrs | K67: FOIC-028x10_3.175-2 | L67: 28 | M67: 10 | N67: 3.175 | O67: 730 | P67: 1750 | Q67: 38 | R67: 77 | S67: PMI | T67: PM076-15 | V67: 5 | W67: 1500 | X67: 32 | Y67: 8.8 | Z67: 7000 | AA67: 86.4 | AB67: 0 | AC67: 27 | AD67: 24 | AE67: 50 | AF67: HPB
A68: 每年運轉日數 | B68: 250 | C68: days | K68: FOIC-032x06_3.969-3 | L68: 32 | M68: 6 | N68: 3.969 | O68: 1500 | P68: 3750 | Q68: 65 | R68: 77 | S68: PMI | T68: PM076-20 | V68: 6.7 | W68: 2000 | X68: 32 | Y68: 11.7 | Z68: 7000 | AA68: 86.4 | AB68: 0 | AC68: 27 | AD68: 24 | AE68: 50 | AF68: HPB
A69: 運轉年數 | B69: 2 | C69: years | K69: FOIC-032x06_3.969-4 | L69: 32 | M69: 6 | N69: 3.969 | O69: 1920 | P69: 5000 | Q69: 86 | R69: 90 | S69: PMI | T69: PM076-30 | V69: 10.1 | W69: 3000 | X69: 32 | Y69: 17.6 | Z69: 7000 | AA69: 86.4 | AB69: 0 | AC69: 27 | AD69: 24 | AE69: 50 | AF69: HPB
A70: 轉動率 | B70: 0.7 | K70: FOIC-032x10_6.35-3 | L70: 32 | M70: 10 | N70: 6.35 | O70: 2605 | P70: 5310 | Q70: 67 | R70: 120 | S70: PMI | T70: PM078-15 | V70: 6.3 | W70: 1500 | X70: 40 | Y70: 11.2 | Z70: 7000 | AA70: 108 | AB70: 0 | AC70: 30 | AD70: 24 | AE70: 50 | AF70: HPB
A71: 需求壽命, LT | B71: =+B67*B68*B69*B70 -> 3500 | C71: hrs | K71: FOIC-032x12_6.35-3 | L71: 32 | M71: 10 | N71: 6.35 | O71: 2605 | P71: 5310 | Q71: 67 | R71: 124 | S71: PMI | T71: PM078-30 | V71: 12.6 | W71: 3000 | X71: 40 | Y71: 22.4 | Z71: 7000 | AA71: 108 | AB71: 0 | AC71: 30 | AD71: 24 | AE71: 50 | AF71: HPB
K72: FOIC-040x05_3.175-6 | L72: 40 | M72: 5 | N72: 3.175 | O72: 2230 | P72: 7940 | Q72: 147 | R72: 101 | S72: PMI | T72: PM102-30 | V72: 14.25 | W72: 3000 | X72: 45 | Y72: 27 | Z72: 4000 | AA72: 121.5 | AB72: 0 | AC72: 40 | AD72: 42 | AE72: 80 | AF72: HPB
A73: 假設使用條件 | K73: FOIC-040x10_6.35-3 | L73: 40 | M73: 20 | N73: 6.35 | O73: 3010 | P73: 7100 | Q73: 82 | R73: 123 | S73: PMI | T73: PM103-15 | V73: 8.3 | W73: 1500 | X73: 52.2 | Y73: 15.8 | Z73: 4000 | AA73: 140.9 | AB73: 0 | AC73: 50 | AD73: 42 | AE73: 80 | AF73: HPB
A74: 運行條件 | B74: 速度(m/min) | C74: 回轉數, ni(rpm) | D74: 軸向負荷, Fi(N) | E74: 使用時間, ti(%) | F74: 使用時間, min | G74: 使用時間, sec | K74: FOIC-040x10_6.35-4 | L74: 45 | M74: 10 | N74: 6.35 | O74: 3850 | P74: 9470 | Q74: 107 | R74: 143 | S74: PMI | T74: PM103-30 | V74: 16.5 | W74: 3000 | X74: 52.2 | Y74: 31.5 | Z74: 4000 | AA74: 140.9 | AB74: 0 | AC74: 50 | AD74: 42 | AE74: 80 | AF74: HPB
A75: 等加速上昇 | B75: =+B76/2 -> 6.6 | C75: =+C76/2 -> 660 | D75: =B2*D17+B2*D55*(SIN(B4*PI()/180)+COS(B4*PI()/180)*B5) -> 9309.69 | E75: =+F75/$F$82*100 -> 1.6666667 | F75: =+G75/60 -> 0.1 | G75: 6 | H75: 等加速上昇 | K75: FOIC-040x12_6.35-4 | L75: 45 | M75: 12 | N75: 6.35 | O75: 3850 | P75: 9470 | Q75: 107 | R75: 160 | S75: PMI | T75: PM104-15 | V75: 11.3 | W75: 1500 | X75: 71.3 | Y75: 21 | Z75: 4000 | AA75: 192.4 | AB75: 0 | AC75: 60 | AD75: 42 | AE75: 80 | AF75: HPB
A76: 等速上昇 | B76: =+F24 -> 13.2 | C76: =+D64 -> 1320 | D76: =+B2*D55*(SIN(B4*PI()/180)+COS(B4*PI()/180)*B5) -> 7161.3 | E76: =+F76/$F$82*100 -> 16.666667 | F76: =+G76/60 -> 1 | G76: 60 | H76: 等速上昇 | K76: FOIC-050x10_6.35-3 | L76: 50 | M76: 10 | N76: 6.35 | O76: 3430 | P76: 9300 | Q76: 99 | R76: 123 | S76: PMI | T76: PM104-30 | V76: 22.5 | W76: 3000 | X76: 71.3 | Y76: 42 | Z76: 4000 | AA76: 192.4 | AB76: 0 | AC76: 60 | AD76: 42 | AE76: 80 | AF76: HPB
A77: 等減速上昇 | B77: =+B75 -> 6.6 | C77: =+C76/2 -> 660 | D77: =+B2*D55*(SIN(B4*PI()/180)+COS(B4*PI()/180)*B5)-B2*D17 -> 5012.91 | E77: =+F77/$F$82*100 -> 8.3333333 | F77: =+G77/60 -> 0.5 | G77: 30 | H77: 等減速上昇 | K77: FOIC-050x10_6.35-4 | L77: 50 | M77: 10 | N77: 6.35 | O77: 4390 | P77: 12400 | Q77: 129 | R77: 143 | S77: PMI | T77: PM105-15 | V77: 13.9 | W77: 1500 | X77: 87.8 | Y77: 26.3 | Z77: 4000 | AA77: 237.1 | AB77: 0 | AC77: 70 | AD77: 42 | AE77: 80 | AF77: HPB
A78: 等加速下降 | B78: =+B79/2 -> 6.6 | C78: =+C79/2 -> 660 | D78: =+B2*D55*(-SIN(B4*PI()/180)-COS(B4*PI()/180)*B5)-B2*D17 -> -9309.69 | E78: =+F78/$F$82*100 -> 1.6666667 | F78: =+G78/60 -> 0.1 | G78: 6 | H78: 等加速下降 | K78: FOIC-063x10_6.35-4 | L78: 63 | M78: 10 | N78: 6.35 | O78: 5020 | P78: 16450 | Q78: 158 | R78: 147 | S78: PMI | T78: PM105-30 | V78: 27.75 | W78: 3000 | X78: 87.8 | Y78: 52.5 | Z78: 4000 | AA78: 237.1 | AB78: 0 | AC78: 70 | AD78: 42 | AE78: 80 | AF78: HPB
A79: 等速下降 | B79: =+F24 -> 13.2 | C79: =+D64 -> 1320 | D79: =+B2*D55*(-SIN(B4*PI()/180)-COS(B4*PI()/180)*B5) -> -7161.3 | E79: =+F79/$F$82*100 -> 16.666667 | F79: =+G79/60 -> 1 | G79: 60 | H79: 等速下降 | K79: FOIC-063x12_7.938-3 | L79: 63 | M79: 12 | N79: 7.938 | O79: 5140 | P79: 14570 | Q79: 122 | R79: 147 | S79: PMI | T79: PM106-15 | V79: 16.5 | W79: 1500 | X79: 104 | Y79: 31.2 | Z79: 4000 | AA79: 280.8 | AB79: 0 | AC79: 80 | AD79: 42 | AE79: 80 | AF79: HPB
A80: 等減速下降 | B80: =+B78 -> 6.6 | C80: =+C79/2 -> 660 | D80: =+B2*D55*(-SIN(B4*PI()/180)+COS(B4*PI()/180)*B5)+B2*D17 -> -5012.91 | E80: =+F80/$F$82*100 -> 8.3333333 | F80: =+G80/60 -> 0.5 | G80: 30 | H80: 等減速下降 | K80: FOIC-063x12_7.938-4 | L80: 63 | M80: 12 | N80: 7.938 | O80: 6580 | P80: 19430 | Q80: 161 | R80: 171 | S80: PMI | T80: PM106-30 | V80: 33 | W80: 3000 | X80: 104 | Y80: 62.4 | Z80: 4000 | AA80: 280.8 | AB80: 0 | AC80: 80 | AD80: 42 | AE80: 80 | AF80: HPB
A81: 靜止不動 | B81: 0 | C81: 0 | D81: =+MAX(0, B2*D55*(SIN(B4*PI()/180))-COS(B4*PI()/180)*B5) -> 7161.3 | E81: =+F81/$F$82*100 -> 46.666667 | F81: =+G81/60 -> 2.8 | G81: =2*60+48 -> 168 | H81: 靜止不動 | K81: FOIC-063x20_9.525-2 | L81: 63 | M81: 20 | N81: 9.525 | O81: 5990 | P81: 15740 | Q81: 107 | R81: 95 | S81: PMI | T81: PM108-15 | V81: 19.5 | W81: 1500 | X81: 124 | Y81: 37 | Z81: 4000 | AA81: 334.8 | AB81: 0 | AC81: 100 | AD81: 42 | AE81: 80 | AF81: HPB
E82: =SUM(E75:E81) -> 100 | F82: =+G82/60 -> 6 | G82: =SUM(G75:G81) -> 360 | K82: FOIC-080x10_6.35-3 | L82: 80 | M82: 10 | N82: 6.35 | O82: 4760 | P82: 20090 | Q82: 173 | R82: 115 | S82: PMI | T82: PM108-30 | V82: 39 | W82: 3000 | X82: 124 | Y82: 75 | Z82: 4000 | AA82: 334.8 | AB82: 0 | AC82: 100 | AD82: 42 | AE82: 80 | AF82: HPB
K83: FOIC-080x16_9.525-2 | L83: 80 | M83: 16 | N83: 9.525 | O83: 11280 | P83: 41220 | Q83: 201 | R83: 175 | S83: PMI | T83: PM109-15 | V83: 22.5 | W83: 1500 | X83: 142 | Y83: 42.6 | Z83: 4000 | AA83: 383.4 | AB83: 0 | AC83: 110 | AD83: 42 | AE83: 80 | AF83: HPB
A84: 向上加速階段 (持續 t1，加速度 +a)：F1 = m*g*sin(theta*pi()/180) + mu*m*g*cos(theta*pi()/180) + m*a | F84: =$B$2*$D$55*(SIN($B$4*PI()/180)+$B$5*COS($B$4*PI()/180))+$B$2*$D$17 -> 9309.69 | K84: FOIC-080x20_9.525-3 | L84: 80 | M84: 16 | N84: 9.525 | O84: 7960 | P84: 27480 | Q84: 137 | R84: 159 | S84: PMI | T84: PM109-30 | V84: 45 | W84: 3000 | X84: 142 | Y84: 85.2 | Z84: 4000 | AA84: 383.4 | AB84: 0 | AC84: 110 | AD84: 42 | AE84: 80 | AF84: HPB
A85: 向上定速階段 (持續 t2，加速度 0)：F2 = m*g*sin(theta*pi()/180) + mu*m*g*cos(theta*pi()/180) | F85: =$B$2*$D$55*(SIN($B$4*PI()/180)+$B$5*COS($B$4*PI()/180)) -> 7161.3 | K85: FSDC-016x05_3.175-3 | L85: 16 | M85: 5 | N85: 3 | O85: 890 | P85: 1760 | Q85: 27 | R85: 41 | S85: PMI | T85: PM132-15 | V85: 17 | W85: 1500 | X85: 105 | Y85: 31.5 | Z85: 4000 | AA85: 210 | AB85: 0 | AC85: 118 | AD85: 48 | AE85: 110 | AF85: HPB
A86: 向上減速階段 (持續 t3，加速度 -a)：F3 = m*g*sin(theta*pi()/180) + mu*m*g*cos(theta*pi()/180) - m*a | F86: =$B$2*$D$55*(SIN($B$4*PI()/180)+$B$5*COS($B$4*PI()/180))-$B$2*$D$17 -> 5012.91 | K86: FSDC-020x10_3.175-3 | L86: 20 | M86: 10 | N86: 3.175 | O86: 990 | P86: 2220 | Q86: 33 | R86: 47 | S86: PMI | T86: PM132-30 | V86: 33.7 | W86: 3000 | X86: 105 | Y86: 63 | Z86: 4000 | AA86: 210 | AB86: 0 | AC86: 118 | AD86: 48 | AE86: 110 | AF86: HPB
A87: 向下加速階段 (持續 t4，加速度 -a)：F4 = - mu*m*g*cos(theta*pi()/180) - m*g*sin(theta*pi()/180) - m*a | F87: =$B$2*$D$55*($B$5*COS($B$4*PI()/180)-SIN($B$4*PI()/180))-$B$2*$D$17 -> -9309.69 | K87: FSDC-020x10_4.762-4 | L87: 20 | M87: 10 | N87: 4.762 | O87: 2560 | P87: 5530 | Q87: 47 | R87: 62 | S87: PMI | T87: PM133-15 | V87: 24 | W87: 1500 | X87: 153 | Y87: 46.5 | Z87: 4000 | AA87: 306 | AB87: 0 | AC87: 138 | AD87: 48 | AE87: 110 | AF87: HPB
A88: 向下定速階段 (持續 t5，加速度 0)：F5 = mu*m*g*cos(theta*pi()/180) - m*g*sin(theta*pi()/180) | F88: =$B$2*$D$55*($B$5*COS($B$4*PI()/180)-SIN($B$4*PI()/180)) -> -7161.3 | K88: FSDC-020x20_3.175-2 | L88: 20 | M88: 20 | N88: 3.175 | O88: 670 | P88: 1450 | Q88: 23 | R88: 56 | S88: PMI | T88: PM133-30 | V88: 48 | W88: 3000 | X88: 153 | Y88: 91.5 | Z88: 4000 | AA88: 306 | AB88: 0 | AC88: 138 | AD88: 48 | AE88: 110 | AF88: HPB
A89: 向下減速階段 (持續 t6，加速度 +a)：F6 = m*a + mu*m*g*cos(theta*pi()/180) - m*g*sin(theta*pi()/180) | F89: =$B$2*$D$17+$B$2*$D$55*($B$5*COS($B$4*PI()/180)-SIN($B$4*PI()/180)) -> -5012.91 | K89: FSDC-025x10_3.175-3 | L89: 25 | M89: 10 | N89: 3.175 | O89: 1100 | P89: 2810 | Q89: 38 | R89: 50 | S89: PMI | T89: PM134-15 | V89: 33.8 | W89: 1500 | X89: 215 | Y89: 64.5 | Z89: 4000 | AA89: 430 | AB89: 0 | AC89: 158 | AD89: 48 | AE89: 110 | AF89: HPB
A90: 靜止不動階段 (持續 t7，加速度 0)：F7 = max(0, m*g*sin(theta*pi()/180)) - mu*m*g*cos(theta*pi()/180) | F90: =MAX(0, $B$2*$D$55*SIN($B$4*PI()/180))-$B$2*$D$55*($B$5*COS($B$4*PI()/180)) -> 7161.3 | K90: FSDC-025x10_4.762-4 | L90: 25 | M90: 10 | N90: 4.762 | O90: 2880 | P90: 6870 | Q90: 55 | R90: 63 | S90: PMI | T90: PM134-30 | V90: 67.5 | W90: 3000 | X90: 215 | Y90: 129 | Z90: 4000 | AA90: 430 | AB90: 0 | AC90: 158 | AD90: 48 | AE90: 110 | AF90: HPB
K91: FSDC-025x10_6.35-5 | L91: 25 | M91: 10 | N91: 6.35 | O91: 5050 | P91: 11500 | Q91: 72 | R91: 78 | S91: PMI | T91: PM135-15 | V91: 41.3 | W91: 1500 | X91: 263 | Y91: 78.9 | Z91: 4000 | AA91: 526 | AB91: 0 | AC91: 178 | AD91: 48 | AE91: 110 | AF91: HPB
A92: 考慮細長比 | K92: FSDC-025x15_3.175-3 | L92: 25 | M92: 15 | N92: 3.175 | O92: 1410 | P92: 3780 | Q92: 50 | R92: 81 | S92: PMI | T92: PM135-30 | V92: 82.5 | W92: 3000 | X92: 263 | Y92: 157.8 | Z92: 4000 | AA92: 526 | AB92: 0 | AC92: 178 | AD92: 48 | AE92: 110 | AF92: HPB
A93: 螺桿根徑, dr > | B93: =+B14/60 -> 7.9666667 | C93: mm | D93: 目前選用螺桿軸外徑, DN | E93: =+$B$8 -> 25 | F93: mm | K93: FSDC-025x16_4.762-4 | L93: 25 | M93: 16 | N93: 4.762 | O93: 2830 | P93: 6790 | Q93: 55 | R93: 85 | S93: PMI | T93: PM136-15 | V93: 48 | W93: 1500 | X93: 302.7 | Y93: 90.6 | Z93: 4000 | AA93: 605.4 | AB93: 0 | AC93: 198 | AD93: 48 | AE93: 110 | AF93: HPB
K94: FSDC-025x25_3.969-2 | L94: 25 | M94: 25 | N94: 3.175 | O94: 730 | P94: 1810 | Q94: 26 | R94: 71 | S94: PMI | T94: PM136-30 | V94: 96 | W94: 3000 | X94: 302.7 | Y94: 181.2 | Z94: 4000 | AA94: 605.4 | AB94: 0 | AC94: 198 | AD94: 48 | AE94: 110 | AF94: HPB
K95: FSDC-028x10_4.762-3 | L95: 28 | M95: 10 | N95: 4.762 | O95: 2350 | P95: 5720 | Q95: 46 | R95: 52 | S95: PMI | T95: PM137-15 | V95: 56.3 | W95: 1500 | X95: 354.7 | Y95: 106.5 | Z95: 4000 | AA95: 709.4 | AB95: 0 | AC95: 218 | AD95: 48 | AE95: 110 | AF95: HPB
K96: FSDC-028x10_6.35-5 | L96: 28 | M96: 10 | N96: 6.35 | O96: 5280 | P96: 12530 | Q96: 77 | R96: 78 | S96: PMI | T96: PM137-30 | V96: 112.5 | W96: 3000 | X96: 354.7 | Y96: 213 | Z96: 4000 | AA96: 709.4 | AB96: 0 | AC96: 218 | AD96: 48 | AE96: 110 | AF96: HPB
A97: 考慮挫屈負載的影響 | K97: FSDC-032x10_3.969-4 | L97: 32 | M97: 10 | N97: 3.969 | O97: 2550 | P97: 7500 | Q97: 63 | R97: 62 | S97: PMI | T97: PM138-15 | V97: 61.5 | W97: 1500 | X97: 387.7 | Y97: 116.3 | Z97: 4000 | AA97: 775.4 | AB97: 0 | AC97: 238 | AD97: 48 | AE97: 110 | AF97: HPB
A98: 螺桿根徑, dr > | B98: =+(MAX(D75:D81)*B14^2/(B109*10^3))^(1/4) -> 21.369665 | C98: mm | D98: 目前選用螺桿軸外徑, DN | E98: =+$B$8 -> 25 | F98: mm | K98: FSDC-032x10_4.762-5 | L98: 32 | M98: 10 | N98: 4.762 | O98: 3890 | P98: 10910 | Q98: 80 | R98: 77 | S98: PMI | T98: PM138-30 | V98: 123 | W98: 3000 | X98: 387.7 | Y98: 232.5 | Z98: 4000 | AA98: 775.4 | AB98: 0 | AC98: 238 | AD98: 48 | AE98: 110 | AF98: HPB
K99: FSDC-032x10_5.556-5 | L99: 32 | M99: 10 | N99: 5.556 | O99: 4900 | P99: 13360 | Q99: 84 | R99: 78 | S99: PMI | T99: PMA052-30 | V99: 0.6 | W99: 3000 | X99: 2 | Y99: 4 | Z99: 7000 | AA99: 4 | AB99: 0 | AC99: 4.2 | AD99: 19 | AE99: 55 | AF99: HPB
K100: FSDC-032x10_6.35-5 | L100: 32 | M100: 10 | N100: 6.35 | O100: 5720 | P100: 14490 | Q100: 69 | R100: 78 | S100: PMI | T100: PMA054-30 | V100: 1.2 | W100: 3000 | X100: 4 | Y100: 5 | Z100: 7000 | AA100: 8 | AB100: 0 | AC100: 5.2 | AD100: 19 | AE100: 55 | AF100: HPB
...

Sheet 扭力_730
A1: 螺桿側軸力, Faxial | B1: =+'o-Ride E_730'!B2 -> 730 | C1: kgf | D1: =+ROUND(B1*9.81,2) -> 7161.3 | E1: N
A2: 螺桿傳動機械效率, η | B2: 0.9
A3: 軸-淨輸入 | B3: =ROUND(B1/B2,2) -> 811.11 | C3: kgf | D3: =+ROUND(B3*9.81,2) -> 7956.99 | E3: N
A4: 螺桿導程pitch, Ph | B4: =+'o-Ride E_730'!B9 -> 10 | C4: mm | D4: =+B4/1000 -> 0.01 | E4: m
A5: 軸-淨輸入扭力, Taxial | B5: =+ROUND(B1*D4/(2*PI()*B2),2) -> 1.29 | C5: kgf-m | D5: =+ROUND(D1*D4/(2*PI()*B2),2) -> 12.66 | E5: N-m
A8: 皮帶傳動效率, ηpulley | B8: 0.95
A9: 馬達側皮帶輪齒數, N1 | B9: =+'o-Ride E_730'!B40 -> 32
A10: 螺桿側皮帶輪齒數, N2 | B10: =+'o-Ride E_730'!B46 -> 48
A11: 減速比(Slave/Drive), i | B11: =+B10/B9 -> 1.5
A14: 馬達扭力, Tdrive | B14: =+D5/(B11*B8) -> 8.8842105 | C14: N-m | D14: =+(D1*D4)/(2*PI()*B2*B11*B8) -> 8.8869886 | E14: N-m

Sheet 出力_730
A1: 馬達額定扭力, Tdrive | B1: =+'o-Ride E_730'!B29 -> 9.55 | C1: Nm
A2: 馬達側皮帶輪齒數, N1 | B2: =+'o-Ride E_730'!B40 -> 32
A3: 螺桿側皮帶輪齒數, N2 | B3: =+'o-Ride E_730'!B46 -> 48
A4: 減速比(Slave/Drive), i | B4: =+B3/B2 -> 1.5
A7: 皮帶傳動效率, ηpulley | B7: 0.95
A8: 螺桿側扭力, Taxial | B8: =+ROUND(B1*B4*B7,2) -> 13.61 | C8: N-m
A11: 螺桿導程, Ph | B11: ='o-Ride E_730'!B9/1000 -> 0.01 | C11: m
A12: 螺桿傳動機械效率, η | B12: 0.9
A13: 螺桿側軸力, Faxial | B13: =ROUND(2*PI()*B12*B8/B11,2) -> 7696.27 | C13: N | D13: =+ROUND(B13/9.81,2) -> 784.53 | E13: kgf | G13: =ROUND(2*PI()*B12*B1*B4*B7/B11,2) -> 7695.57 | H13: N

Sheet o-Ride E_500
A1: 平台負載 | B1: 1500 | C1: kg | K1: 滾珠螺桿型號 | L1: 螺桿軸外徑(mm) | M1: 螺桿螺距(mm) | N1: 珠徑, Da(mm) | O1: 動額定負荷, Ca(kgf) | P1: 靜額定負荷, Coa(kfg) | Q1: 剛性, K(kg/um) | R1: 螺帽長度, L | T1: 伺服馬達型號 | U1: 伺服驅動器型號 | V1: 額定出力容量 | W1: 額定轉矩 | X1: 最大轉矩 | Y1: 額定回轉數 | Z1: 瞬間容許轉速 | AA1: 額定電流 | AB1: 最大電流 | AC1: 重量 | AD1: 軸心直徑 | AE1: 軸心長度 | AI1: 時規皮帶輪 | AJ1: 齒數 | AK1: 皮帶寬度 | AL1: 齒輪直徑, PD | AM1: 齒輪厚度,W
A2: 螺桿側軸力, Faxial | B2: 500 | C2: kgf | D2: 6 | E2: PCS | F2: =D2*B2 -> 3000 | G2: =C2 -> kgf | I2: 102 | K2: BP016x05 SPPJ4281 | L2: 16 | M2: 5 | N2: 3 | O2: 1020 | P2: 1551 | R2: 35 | S2: SKF | T2: 110MB040A-001000 | V2: 0.4 | W2: 1000 | X2: 3.82 | Y2: 2 | Z2: 1500 | AA2: 11.5 | AB2: 6 | AC2: 5.8 | AD2: 19 | AE2: =58-5.3 -> 52.7 | AF2: SYNTRON | AI2: HTPA18S8M250-A | AJ2: 18 | AK2: 25 | AL2: 45.84 | AM2: 33
A3: 缸行程 | B3: 200 | C3: mm | K3: BRF030x05 | L3: 30 | M3: 5 | O3: 9386 | P3: 18196 | R3: 85 | S3: SKF | T3: 110MB060D-001000 | V3: 0.6 | W3: 1500 | X3: 4 | Y3: 2.6 | Z3: 2000 | AA3: 12 | AB3: 7.8 | AC3: 5.8 | AD3: 19 | AE3: =58-5.3 -> 52.7 | AF3: SYNTRON | AI3: HTPA18S8M300-A | AJ3: 18 | AK3: 30 | AL3: 45.84 | AM3: 38
A4: 安裝角度 | B4: 90 | C4: degree | K4: BRF030x06 | L4: 30 | M4: 6 | O4: 9694 | P4: 17892 | R4: 85 | S4: SKF | T4: 110MB075B-001000 | V4: 0.75 | W4: 2000 | X4: 3.58 | Y4: 3.2 | Z4: 2500 | AA4: 10.7 | AB4: 9.6 | AC4: 5.8 | AD4: 19 | AE4: =58-5.3 -> 52.7 | AF4: SYNTRON | AI4: HTPA19S8M250-A | AJ4: 19 | AK4: 25 | AL4: 48.38 | AM4: 33
A5: 導引面磨擦係數 | B5: 0.01 | K5: BRF030x10 | L5: 30 | M5: 10 | O5: 10849 | P5: 17792 | R5: 85 | S5: SKF | T5: 110MB075D-001000 | V5: 0.75 | W5: 1500 | X5: 5 | Y5: 3.2 | Z5: 2000 | AA5: 12 | AB5: 9.6 | AC5: 6.6 | AD5: 19 | AE5: =58-5.3 -> 52.7 | AF5: SYNTRON | AI5: HTPA19S8M300-A | AJ5: 19 | AK5: 30 | AL5: 48.38 | AM5: 38
K6: BRF030x20 | L6: 30 | M6: 20 | O6: 12580 | P6: 18090 | R6: 85 | S6: SKF | T6: 110MB200C-R58B11 | U6: HS200AE | V6: 2 | W6: 3000 | X6: 6.4 | Y6: 9.5 | Z6: 5000 | AA6: 19.2 | AD6: 19 | AE6: 50 | AF6: SYNTRON | AI6: HTPA20S8M250-A | AJ6: 20 | AK6: 25 | AL6: 50.93 | AM6: 33
A7: 滾珠螺桿型號 | B7: FSDC-020x10_4.762-4 | K7: BRF036x06 | L7: 30 | M7: 6 | O7: 9230 | P7: 18305 | R7: 80 | S7: SKF | T7: 130MB300C-R48B11 | U7: HS300AE | V7: 3 | W7: 2000 | X7: 15 | Y7: 11.7 | Z7: 2300 | AA7: 15 | AD7: 22 | AE7: 52 | AF7: SYNTRON | AI7: HTPA20S8M300-A | AJ7: 20 | AK7: 30 | AL7: 50.93 | AM7: 38
A8: 螺桿軸外徑, DN | B8: =INDEX($K$2:$S$187,MATCH($B$7,$K$2:$K$187),2) -> 20 | C8: mm | K8: BRF036x09 | L8: 30 | M8: 9 | O8: 9951 | P8: 17760 | R8: 80 | S8: SKF | T8: ESM060A | U8: Mini OPDE | V8: 0.4 | W8: 3000 | X8: 1.274 | Y8: 2 | Z8: 4000 | AA8: 3.822 | AB8: 6 | AC8: 2 | AD8: 14 | AE8: 27 | AF8: HPB | AI8: HTPA21S8M250-A | AJ8: 21 | AK8: 25 | AL8: 53.48 | AM8: 33
A9: 螺桿導程pitch, Ph | B9: =INDEX($K$2:$S$187,MATCH($B$7,$K$2:$K$187),3) -> 10 | C9: mm/rev | K9: BRF036x12 | L9: 30 | M9: 12 | O9: 10878 | P9: 18480 | R9: 80 | S9: SKF | T9: ESM085A | U9: Mini OPDE | V9: 0.4 | W9: 2000 | X9: 1.9 | Y9: 2.5 | Z9: 4000 | AA9: 5.7 | AB9: 7.5 | AC9: 3 | AD9: 14 | AE9: 30 | AF9: HPB | AI9: HTPA21S8M300-A | AJ9: 21 | AK9: 30 | AL9: 53.48 | AM9: 38
A10: 動額定負荷, Ca | B10: =INDEX($K$2:$S$187,MATCH($B$7,$K$2:$K$187),5) -> 2560 | C10: kgf | K10: BRF036x18 | L10: 30 | M10: 18 | O10: 11647 | P10: 18017 | R10: 80 | S10: SKF | T10: ESM085B | U10: Mini OPDE | V10: 0.6 | W10: 2000 | X10: 2.84 | Y10: 3.2 | Z10: 4000 | AA10: 8.52 | AB10: 9 | AC10: 4 | AD10: 16 | AE10: 30 | AF10: HPB | AI10: HTPA22S8M250-A | AJ10: 22 | AK10: 25 | AL10: 56.02 | AM10: 33
A11: 靜額定負荷, Coa | B11: =INDEX($K$2:$S$187,MATCH($B$7,$K$2:$K$187),6) -> 5530 | C11: kgf | K11: BRF036x24 | L11: 30 | M11: 24 | O11: 12612 | P11: 18814 | R11: 80 | S11: SKF | T11: ESM085D | U11: Mini OPDE | V11: 1 | W11: 2000 | X11: 4.8 | Y11: 5.2 | Z11: 4000 | AA11: 14.4 | AB11: 15.6 | AC11: 6 | AD11: 16 | AE11: 30 | AF11: HPB | AI11: HTPA22S8M300-A | AJ11: 22 | AK11: 30 | AL11: 56.02 | AM11: 38
A12: 剛性, K | B12: =INDEX($K$2:$S$187,MATCH($B$7,$K$2:$K$187),7) -> 47 | C12: kgf/μm | K12: BRF039x10 | L12: 39 | M12: 10 | O12: 15573 | P12: 27646 | R12: 100 | S12: SKF | T12: ESM125E-220V | U12: Mini OPDE | V12: 3 | W12: 3000 | X12: 14.3 | Y12: 10 | Z12: 4000 | AA12: 42.9 | AC12: 13 | AD12: 28 | AE12: 51 | AF12: HPB | AI12: HTPA24S8M250-A | AJ12: 24 | AK12: 25 | AL12: 61.12 | AM12: 33
A13: 滾珠螺冒長度 | B13: =INDEX($K$2:$S$187,MATCH($B$7,$K$2:$K$187),8) -> 62 | C13: mm | K13: BRF039x20 | L13: 39 | M13: 20 | O13: 17635 | P13: 26621 | R13: 100 | S13: SKF | T13: ESM125E-380V | U13: Mini OPDE | V13: 3 | W13: 3000 | X13: 14.3 | Y13: 6.7 | Z13: 4000 | AA13: 42.9 | AC13: 13 | AD13: 28 | AE13: 51 | AF13: HPB | AI13: HTPA24S8M300-A | AJ13: 24 | AK13: 30 | AL13: 61.12 | AM13: 38
A14: 滾珠螺桿總長度, L | B14: =+B3+B13+200 -> 462 | C14: mm | K14: BRF048x10 | L14: 48 | M14: 10 | O14: 23627 | P14: 48481 | R14: 127 | S14: SKF | T14: HC-RP 103(B) | U14: MR-J3 200 | V14: 1 | W14: 3000 | X14: 3.18 | Y14: 6.1 | Z14: 5175 | AA14: 7.95 | AB14: 18 | AC14: 6 | AD14: 24 | AE14: 40 | AF14: Mitsubishi | AI14: HTPA25S8M250-A | AJ14: 25 | AK14: 25 | AL14: 63.66 | AM14: 33
A15: 滾珠螺桿重量, WS | B15: =ROUND(0.25*B8^2*PI()*B14*7850/1000000000,2) -> 1.14 | C15: kg | K15: BRF048x20 | L15: 48 | M15: 20 | O15: 27111 | P15: 47170 | R15: 127 | S15: SKF | T15: HC-RP 105(B) | U15: MR-J3 200 | V15: 1.5 | W15: 3000 | X15: 4.78 | Y15: 8.8 | Z15: 5175 | AA15: 11.9 | AB15: 23 | AC15: 7 | AD15: 24 | AE15: 40 | AF15: Mitsubishi | AI15: HTPA25S8M300-A | AJ15: 25 | AK15: 30 | AL15: 63.66 | AM15: 38
K16: BRF056x12 | L16: 56 | M16: 12 | O16: 21650 | P16: 44196 | R16: 112 | S16: SKF | T16: HC-RP 203(B) | U16: MR-J3 350 | V16: 2 | W16: 3000 | X16: 6.37 | Y16: 14 | Z16: 5175 | AA16: 15.9 | AB16: 37 | AC16: 8.3 | AD16: 24 | AE16: 40 | AF16: Mitsubishi | AI16: HTPA26S8M250-A | AJ16: 26 | AK16: 25 | AL16: 66.21 | AM16: 33
A17: 最大加速度要求 | B17: 0.2 | C17: g | D17: =+B17*9.81 -> 1.962 | E17: m/s2 | F17: =+D17*1000 -> 1962 | G17: mm/s2 | K17: BRF056x24 | L17: 56 | M17: 24 | O17: 24716 | P17: 42770 | R17: 112 | S17: SKF | T17: HC-RP 353(B) | U17: MR-J3 200 | V17: 1.5 | W17: 2000 | X17: 7.16 | Y17: 8 | Z17: 3450 | AA17: 21.5 | AB17: 24 | AC17: 10.3 | AD17: 24 | AE17: 50 | AF17: Mitsubishi | AI17: HTPA26S8M300-A | AJ17: 26 | AK17: 30 | AL17: 66.21 | AM17: 38
A18: ※角度單位為 rad => 2π rad = 360º = 1 rev (rev = revolutions) | K18: BRF060x10 | L18: 60 | M18: 10 | O18: 34548 | P18: 79560 | R18: 152 | S18: SKF | T18: HC-RP 503(B) | U18: MR-J3 500 | V18: 5 | W18: 3000 | X18: 15.9 | Y18: 28 | Z18: 5175 | AA18: 39.7 | AB18: 70 | AC18: 21 | AD18: 28 | AE18: 58 | AF18: Mitsubishi | AI18: HTPA28S8M250-A | AJ18: 28 | AK18: 25 | AL18: 71.3 | AM18: 33
A19: ※角速度單位為 rad/s => 2π rad/s = 1 rev/s = 60 rev/min = 60 rpm | K19: BRF060x20 | L19: 60 | M19: 20 | O19: 40303 | P19: 80169 | R19: 152 | S19: SKF | T19: HF-SP 102(B) | U19: MR-J3 200 | V19: 3.5 | W19: 2000 | X19: 16.7 | Y19: 16 | Z19: 3450 | AA19: 50.1 | AB19: 48 | AC19: 25 | AD19: 35 | AE19: 75 | AF19: Mitsubishi | AI19: HTPA28S8M300-A | AJ19: 28 | AK19: 30 | AL19: 71.3 | AM19: 38
A20: ※角加速度單位為 rad/s2 => 2π rad/s2 = 1 rev/s2 | K20: BRF064x12 | L20: 64 | M20: 12 | O20: 30243 | P20: 77888 | R20: 129 | S20: SKF | T20: HF-SP 152(B) | U20: MR-J3 200 | V20: 1.5 | W20: 2000 | X20: 7.16 | Y20: 8 | Z20: 3450 | AA20: 21.5 | AB20: 24 | AC20: 10.3 | AD20: 24 | AE20: 50 | AF20: Mitsubishi | AI20: HTPA30S8M150-A | AJ20: 30 | AK20: 15 | AL20: 28.65 | AM20: 21
K21: BRF064x24 | L21: 64 | M21: 24 | O21: 33564 | P21: 70369 | R21: 129 | S21: SKF | T21: HF-SP 202(B) | U21: MR-J3 200 | V21: 7 | W21: 2000 | X21: 33.4 | Y21: 33 | Z21: 3450 | AA21: 100 | AB21: 99 | AC21: 38 | AD21: 35 | AE21: 75 | AF21: Mitsubishi | AI21: HTPA30S8M250-A | AJ21: 30 | AK21: 25 | AL21: 76.39 | AM21: 33
A22: 角加速度 | B22: =+F17/B9 -> 196.2 | C22: rev/s2 | D22: =+ROUND(B22*2*PI(),0) -> 1233 | E22: rad/s2 | K22: BRF075x10 | L22: 75 | M22: 10 | O22: 51516 | P22: 151702 | R22: 191 | S22: SKF | T22: HF-SP 352(B) | U22: MR-J3 200 | V22: 3.5 | W22: 2000 | X22: 16.7 | Y22: 16 | Z22: 3450 | AA22: 50.1 | AB22: 48 | AC22: 25 | AD22: 35 | AE22: 75 | AF22: Mitsubishi | AI22: HTPA30S8M300-A | AJ22: 30 | AK22: 30 | AL22: 76.39 | AM22: 38
A23: 加速時間要求 | B23: 0.01 | C23: s | K23: BRF075x20 | L23: 75 | M23: 20 | O23: 58394 | P23: 152640 | R23: 191 | S23: SKF | T23: HF-SP 502(B) | U23: MR-J3 500 | V23: 3.5 | W23: 3000 | X23: 11.1 | Y23: 23 | Z23: 5175 | AA23: 27.9 | AB23: 58 | AC23: 15 | AD23: 28 | AE23: 58 | AF23: Mitsubishi | AI23: HTPA32S8M250-A | AJ23: 32 | AK23: 25 | AL23: 81.49 | AM23: 33
A24: 最快速度要求 | B24: 0.2 | C24: m/s | D24: =+B24*1000 -> 200 | E24: mm/s | F24: =+B24*60 -> 12 | G24: m/min | H24: =+D24*60 -> 12000 | I24: mm/min | K24: BRF080x12 | L24: 80 | M24: 12 | O24: 41864 | P24: 118690 | R24: 156 | S24: SKF | T24: HF-SP 702(B) | U24: MR-J3 200 | V24: 7 | W24: 2000 | X24: 33.4 | Y24: 33 | Z24: 3450 | AA24: 100 | AB24: 99 | AC24: 38 | AD24: 35 | AE24: 75 | AF24: Mitsubishi | AI24: HTPA32S8M300-A | AJ24: 32 | AK24: 30 | AL24: 81.49 | AM24: 38
K25: BRF080x18 | L25: 80 | M25: 18 | O25: 46524 | P25: 119146 | R25: 156 | S25: SKF | T25: HG-JR103(B)_200V | U25: MR-J4-100A/B | V25: 1 | W25: 3000 | X25: 3.2 | Y25: 5.6 | Z25: 6000 | AA25: 9.6 | AB25: 17 | AC25: 4.5 | AD25: 16 | AE25: 30 | AF25: Mitsubishi | AI25: HTPA34S8M250-A | AJ25: 34 | AK25: 25 | AL25: 86.58 | AM25: 33
A26: 伺服馬達型號 | B26: 110MB200C-R58B11 | K26: BRF080x24 | L26: 80 | M26: 24 | O26: 46816 | P26: 119598 | R26: 156 | S26: SKF | T26: HG-JR153(B)_200V | U26: MR-J4-200A/B | V26: 1.5 | W26: 3000 | X26: 4.8 | Y26: 11 | Z26: 6000 | AA26: 14.3 | AB26: 32 | AC26: 5.9 | AD26: 16 | AE26: 30 | AF26: Mitsubishi | AI26: HTPA34S8M300-A | AJ26: 34 | AK26: 30 | AL26: 86.58 | AM26: 38
A27: 伺服驅動器型號 | B27: =INDEX($T$2:$AF$137,MATCH($B$26,$T$2:$T$137),2) -> HS200AE | K27: BRF099x20 | L27: 99 | M27: 20 | O27: 94373 | P27: 315351 | R27: 260 | S27: SKF | T27: HG-JR203(B)_200V | U27: MR-J4-200A/B | V27: 2 | W27: 3000 | X27: 6.4 | Y27: 11 | Z27: 6000 | AA27: 19.1 | AB27: 32 | AC27: 7.5 | AD27: 16 | AE27: 30 | AF27: Mitsubishi | AI27: HTPA36S8M250-A | AJ27: 36 | AK27: 25 | AL27: 91.67 | AM27: 33
A28: 額定出力容量 | B28: =INDEX($T$2:$AF$137,MATCH($B$26,$T$2:$T$137),3) -> 2 | C28: kW | K28: BRF100x24 | L28: 100 | M28: 24 | O28: 66919 | P28: 186308 | R28: 195 | S28: SKF | T28: HG-JR353(B)_200V | U28: MR-J4-350A/B | V28: 3.5 | W28: 3000 | X28: 10.5 | Y28: 17 | Z28: 6000 | AA28: 32 | AB28: 51 | AC28: 13 | AD28: 28 | AE28: 50 | AF28: Mitsubishi | AI28: HTPA36S8M300-A | AJ28: 36 | AK28: 30 | AL28: 91.67 | AM28: 38
A29: 馬達額定扭力, Tdrive | B29: =INDEX($T$2:$AF$137,MATCH($B$26,$T$2:$T$137),5) -> 6.4 | C29: N-m | K29: BRF120x24 | L29: 120 | M29: 24 | O29: 93369 | P29: 308883 | R29: 240 | S29: SKF | T29: HG-JR503(B)_200V | U29: MR-J4-500A/B | V29: 5 | W29: 3000 | X29: 15.9 | Y29: 27 | Z29: 6000 | AA29: 47.7 | AB29: 81 | AC29: 18 | AD29: 28 | AE29: 50 | AF29: Mitsubishi | AI29: HTPA38S8M250-A | AJ29: 38 | AK29: 25 | AL29: 96.77 | AM29: 33
A30: 最大轉矩 | B30: =INDEX($T$2:$AF$137,MATCH($B$26,$T$2:$T$137),8) -> 19.2 | C30: N-m | K30: BRF120x25 | L30: 120 | M30: 25 | O30: 115044 | P30: 412038 | R30: 280 | S30: SKF | T30: HG-JR53(B) | U30: MR-J4-60A/B | V30: 0.5 | W30: 3000 | X30: 1.6 | Y30: 3 | Z30: 6000 | AA30: 4.8 | AB30: 9 | AC30: 3 | AD30: 16 | AE30: 30 | AF30: Mitsubishi | AI30: HTPA38S8M300-A | AJ30: 38 | AK30: 30 | AL30: 96.77 | AM30: 38
A31: 馬達額定轉速, Rrpm | B31: =INDEX($T$2:$AF$137,MATCH($B$26,$T$2:$T$137),4) -> 3000 | C31: rpm | K31: BRF150x25 | L31: 150 | M31: 25 | O31: 162911 | P31: 695515 | R31: 400 | S31: SKF | T31: HG-JR703(B)_200V | U31: MR-J4-700A/B | V31: 7 | W31: 3000 | X31: 22.3 | Y31: 34 | Z31: 6000 | AA31: 66.8 | AB31: 103 | AC31: 29 | AD31: 35 | AE31: 75 | AF31: Mitsubishi | AI31: HTPA40S8M250-A | AJ31: 40 | AK31: 25 | AL31: 101.86 | AM31: 33
A32: 瞬間容許轉速 | B32: =INDEX($T$2:$AF$137,MATCH($B$26,$T$2:$T$137),7) -> 5000 | C32: rpm | K32: BRF150x36 | L32: 150 | M32: 36 | O32: 118053 | P32: 419193 | R32: 305 | S32: SKF | T32: HG-JR73(B) | U32: MR-J4-70A/B | V32: 0.75 | W32: 3000 | X32: 2.4 | Y32: 5.6 | Z32: 6000 | AA32: 7.2 | AB32: 17 | AC32: 3.7 | AD32: 16 | AE32: 30 | AF32: Mitsubishi | AI32: HTPA40S8M300-A | AJ32: 40 | AK32: 30 | AL32: 101.86 | AM32: 38
A33: 額定電流 | B33: =INDEX($T$2:$AF$137,MATCH($B$26,$T$2:$T$137),6) -> 9.5 | C33: A | K33: BRF180x30 | L33: 180 | M33: 30 | O33: 200239 | P33: 925410 | R33: 515 | S33: SKF | T33: HG-JR903(B)_200V | U33: MR-J4-11KA/B | V33: 9 | W33: 3000 | X33: 28.6 | Y33: 41 | Z33: 6000 | AA33: 85.8 | AB33: 134 | AC33: 36 | AD33: 35 | AE33: 75 | AF33: Mitsubishi | AI33: HTPA44S8M250-A | AJ33: 44 | AK33: 25 | AL33: 112.05 | AM33: 33
A34: 最大電流 | B34: =INDEX($T$2:$AF$137,MATCH($B$26,$T$2:$T$137),9) -> 0 | C34: A | K34: BRF210x30 | L34: 210 | M34: 30 | O34: 234245 | P34: 1160741 | R34: 550 | S34: SKF | T34: HG-KN43B-K(B) | U34: MR-JE-40A | V34: 0.4 | W34: 3000 | X34: 1.3 | Y34: 2.6 | Z34: 5000 | AA34: 3.8 | AB34: 7.8 | AC34: 1.9 | AD34: 14 | AE34: 26 | AF34: Mitsubishi | AI34: HTPA44S8M300-A | AJ34: 44 | AK34: 30 | AL34: 112.05 | AM34: 38
A35: 重量 | B35: =INDEX($T$2:$AF$137,MATCH($B$26,$T$2:$T$137),10) -> 0 | C35: kg | K35: FDWE-050x20_6.35-3.5 | L35: 50 | M35: 20 | N35: 6.35 | O35: 4560 | P35: 13230 | Q35: 149 | R35: 155 | S35: PMI | T35: HG-KR053(B) | U35: MR-J4-10A/B | V35: 0.05 | W35: 3000 | X35: 0.16 | Y35: 0.9 | Z35: 6900 | AA35: 0.56 | AB35: 3.2 | AC35: 0.54 | AD35: 8 | AE35: 21.5 | AF35: Mitsubishi | AI35: HTPA48S8M150-A | AJ35: 48 | AK35: 15 | AL35: 45.84 | AM35: 21
A36: 軸心直徑 | B36: =INDEX($T$2:$AF$137,MATCH($B$26,$T$2:$T$137),11) -> 19 | C36: mm | K36: FDWE-050x20_6.35-5 | L36: 50 | M36: 20 | N36: 6.35 | O36: 5580 | P36: 16710 | Q36: 185 | R36: 175 | S36: PMI | T36: HG-KR13(B) | U36: MR-J4-10A/B | V36: 0.1 | W36: 3000 | X36: 0.32 | Y36: 0.7 | Z36: 6900 | AA36: 1.1 | AB36: 2.5 | AC36: 0.74 | AD36: 8 | AE36: 21.5 | AF36: Mitsubishi | AI36: HTPA48S8M250-A | AJ36: 48 | AK36: 25 | AL36: 122.23 | AM36: 33
A37: 軸心長度 | B37: =INDEX($T$2:$AF$137,MATCH($B$26,$T$2:$T$137),12) -> 50 | C37: mm | K37: FEM-E-C-016x10R | L37: 16 | M37: 10 | N37: 3 | O37: 1172 | P37: 1255 | R37: 45 | S37: Rexroth | T37: HG-KR23(B) | U37: MR-J4-20A/B | V37: 0.2 | W37: 3000 | X37: 0.64 | Y37: 1.3 | Z37: 6900 | AA37: 2.2 | AB37: 4.6 | AC37: 1.3 | AD37: 14 | AE37: 26 | AF37: Mitsubishi | AI37: HTPA48S8M300-A | AJ37: 48 | AK37: 30 | AL37: 122.23 | AM37: 38
K38: FEM-E-C-016x16Rx3-4 | L38: 16 | M38: 16 | N38: 3 | O38: 1143 | P38: 1224 | R38: 61 | S38: Rexroth | T38: HG-KR43(B) | U38: MR-J4-40A/B | V38: 0.4 | W38: 3000 | X38: 1.3 | Y38: 2.6 | Z38: 6900 | AA38: 4.5 | AB38: 9.1 | AC38: 1.8 | AD38: 14 | AE38: 26 | AF38: Mitsubishi | AI38: HTPA50S8M250-A | AJ38: 50 | AK38: 25 | AL38: 127.32 | AM38: 33
A39: 伺服馬達側齒輪規格(傳動) | B39: HTPA32S8M250-A | K39: FEM-E-C-020x05Rx3-4 | L39: 20 | M39: 5 | N39: 3 | O39: 1755 | P39: 2194 | R39: 40 | S39: Rexroth | T39: HG-KR73(B) | U39: MR-J4-70A/B | V39: 0.75 | W39: 3000 | X39: 2.4 | Y39: 4.9 | Z39: 6900 | AA39: 8.4 | AB39: 17.2 | AC39: 3.8 | AD39: 19 | AE39: 36 | AF39: Mitsubishi | AI39: HTPA50S8M300-A | AJ39: 50 | AK39: 30 | AL39: 127.32 | AM39: 38
A40: 傳動側齒數, N1 | B40: =INDEX($AI$2:$AM$54,MATCH($B$39,$AI$2:$AI$54),2) -> 32 | K40: FEM-E-C-020x10Rx3-4 | L40: 20 | M40: 10 | N40: 3 | O40: 1724 | P40: 2173 | R40: 60 | S40: Rexroth | T40: HG-MR053(B) | U40: MR-J4-10A/B | V40: 0.05 | W40: 3000 | X40: 0.16 | Y40: 1 | Z40: 6900 | AA40: 0.48 | AB40: 3.1 | AC40: 0.54 | AD40: 8 | AE40: 21.5 | AF40: Mitsubishi | AI40: HTPA60S8M250-A | AJ40: 60 | AK40: 25 | AL40: 152.79 | AM40: 33
A41: 皮帶寬度 | B41: =INDEX($AI$2:$AM$54,MATCH($B$39,$AI$2:$AI$54),3) -> 25 | K41: FEM-E-C-020x20Rx3.5-2 | L41: 20 | M41: 20 | N41: 3.5 | O41: 1633 | P41: 1918 | R41: 57 | S41: Rexroth | T41: HG-MR13(B) | U41: MR-J4-10A/B | V41: 0.1 | W41: 3000 | X41: 0.32 | Y41: 0.8 | Z41: 6900 | AA41: 0.95 | AB41: 2.5 | AC41: 0.74 | AD41: 8 | AE41: 21.5 | AF41: Mitsubishi | AI41: HTPA60S8M300-A | AJ41: 60 | AK41: 30 | AL41: 152.79 | AM41: 38
A42: 小齒輪直徑, PD | B42: =INDEX($AI$2:$AM$54,MATCH($B$39,$AI$2:$AI$54),4) -> 81.49 | C42: mm | K42: FEM-E-C025x05Rx3-4 | L42: 25 | M42: 5 | N42: 3 | O42: 1949 | P42: 2776 | R42: 45 | S42: Rexroth | T42: HG-MR23(B) | U42: MR-J4-20A/B | V42: 0.2 | W42: 3000 | X42: 0.64 | Y42: 1.4 | Z42: 6900 | AA42: 1.9 | AB42: 5.3 | AC42: 1.3 | AD42: 14 | AE42: 26 | AF42: Mitsubishi | AI42: W-24S-MPB | AJ42: 24 | AK42: 33 | AL42: 61.12 | AM42: 33
A43: 小齒輪厚度,W | B43: =INDEX($AI$2:$AM$54,MATCH($B$39,$AI$2:$AI$54),5) -> 33 | C43: mm | K43: FEM-E-C025x10Rx3-4 | L43: 25 | M43: 10 | N43: 3 | O43: 1918 | P43: 2755 | R43: 64 | S43: Rexroth | T43: HG-MR43(B) | U43: MR-J4-40A/B | V43: 0.4 | W43: 3000 | X43: 1.3 | Y43: 2.6 | Z43: 6900 | AA43: 3.8 | AB43: 9 | AC43: 1.8 | AD43: 14 | AE43: 26 | AF43: Mitsubishi | AI43: W-30S-MPB | AJ43: 30 | AK43: 32 | AL43: 75.01 | AM43: 33
K44: FEM-E-C025x25Rx3.5-2 | L44: 25 | M44: 10 | N44: 3.5 | O44: 1235 | P44: 1541 | R44: 70 | S44: Rexroth | T44: HG-MR73(B) | U44: MR-J4-70A/B | V44: 0.75 | W44: 3000 | X44: 2.4 | Y44: 6 | Z44: 6900 | AA44: 7.2 | AB44: 20 | AC44: 3.8 | AD44: 19 | AE44: 36 | AF44: Mitsubishi | AI44: W-48S-MPB | AJ44: 48 | AK44: 33 | AL44: 122.23 | AM44: 33
A45: 滾珠螺桿側齒輪規格(從動) | B45: HTPA48S8M250-A | K45: FEM-E-C032x05Rx3.5-4 | L45: 32 | M45: 5 | N45: 3.5 | O45: 2643 | P45: 4082 | R45: 48 | S45: Rexroth | T45: HG-SR102(B) | U45: MR-J4-100A/B | V45: 1 | W45: 2000 | X45: 4.8 | Y45: 5.6 | Z45: 3000 | AA45: 14.3 | AB45: 17 | AC45: 6.2 | AD45: 24 | AE45: 50 | AF45: Mitsubishi | AI45: W-60S-MPB | AJ45: 60 | AK45: 32 | AL45: 151.41 | AM45: 33
A46: 從動側齒數, N2 | B46: =INDEX($AI$2:$AM$54,MATCH($B$45,$AI$2:$AI$54),2) -> 48 | K46: FEM-E-C032x10Rx3.969-5 | L46: 32 | M46: 10 | N46: 3.969 | O46: 3878 | P46: 5949 | R46: 77 | S46: Rexroth | T46: HG-SR121(B) | U46: MR-J4-200A/B | V46: 1.2 | W46: 1000 | X46: 11.5 | Y46: 7.1 | Z46: 1500 | AA46: 34.4 | AB46: 22.7 | AC46: 17 | AD46: 35 | AE46: 75 | AF46: Mitsubishi | AI46: Y-30S-MPB | AJ46: 30 | AK46: 16 | AL46: 76.4 | AM46: 33
A47: 皮帶寬度 | B47: =INDEX($AI$2:$AM$54,MATCH($B$45,$AI$2:$AI$54),3) -> 25 | K47: FEM-E-C032x20Rx3.969-2 | L47: 32 | M47: 20 | N47: 3.969 | O47: 1653 | P47: 2224 | R47: 64 | S47: Rexroth | T47: HG-SR152(B) | U47: MR-J4-200A/B | V47: 1.5 | W47: 2000 | X47: 7.2 | Y47: 9.4 | Z47: 3000 | AA47: 21.5 | AB47: 29 | AC47: 7.3 | AD47: 24 | AE47: 50 | AF47: Mitsubishi | AI47: Y-34S-QT | AJ47: 34 | AK47: 16 | AL47: 86.6 | AM47: 28.1
A48: 大齒輪直徑, PD | B48: =INDEX($AI$2:$AM$54,MATCH($B$45,$AI$2:$AI$54),4) -> 122.23 | C48: mm | K48: FEM-E-C032x32Rx3.969-2 | L48: 32 | M48: 32 | N48: 3.969 | O48: 1643 | P48: 2245 | R48: 88 | S48: Rexroth | T48: HG-SR201(B) | U48: MR-J4-200A/B | V48: 2 | W48: 1000 | X48: 19.1 | Y48: 9.4 | Z48: 1500 | AA48: 57.3 | AB48: 30.1 | AC48: 22 | AD48: 35 | AE48: 75 | AF48: Mitsubishi | AI48: Y-36S-MPB | AJ48: 36 | AK48: 16 | AL48: 91.7 | AM48: 33
A49: 大齒輪厚度, W | B49: =INDEX($AI$2:$AM$54,MATCH($B$45,$AI$2:$AI$54),5) -> 33 | C49: mm | K49: FEM-E-C040x05Rx3.5-5 | L49: 40 | M49: 5 | N49: 3.5 | O49: 3561 | P49: 6541 | R49: 54 | S49: Rexroth | T49: HG-SR202(B) | U49: MR-J4-200A/B | V49: 2 | W49: 2000 | X49: 9.5 | Y49: 9.6 | Z49: 3000 | AA49: 28.6 | AB49: 31 | AC49: 11 | AD49: 35 | AE49: 75 | AF49: HPB | AI49: Y-38S-MPB | AJ49: 38 | AK49: 16 | AL49: 96.8 | AM49: 33
K50: FEM-E-C040x10Rx6-4 | L50: 40 | M50: 10 | N50: 6 | O50: 6122 | P50: 8816 | R50: 70 | S50: Rexroth | T50: HG-SR301(B) | U50: MR-J4-350A/B | V50: 3 | W50: 1000 | X50: 28.6 | Y50: 13 | Z50: 1500 | AA50: 85.9 | AB50: 41.6 | AC50: 26 | AD50: 35 | AE50: 75 | AF50: HPB | AI50: Y-44S-MPB | AJ50: 44 | AK50: 16 | AL50: 112 | AM50: 33
A51: 減速比(Slave/Drive), i | B51: =+B46/B40 -> 1.5 | K51: FEM-E-C040x10Rx6-6 | L51: 40 | M51: 10 | N51: 6 | O51: 8827 | P51: 13490 | R51: 90 | S51: Rexroth | T51: HG-SR352(B) | U51: MR-J4-350A/B | V51: 3.5 | W51: 2000 | X51: 16.7 | Y51: 14 | Z51: 3000 | AA51: 50.1 | AB51: 45 | AC51: 16 | AD51: 35 | AE51: 75 | AF51: HPB | AI51: Y-50S-MPB | AJ51: 50 | AK51: 16 | AL51: 127.3 | AM51: 33
K52: FEM-E-C040x20Rx6-3 | L52: 40 | M52: 20 | N52: 6 | O52: 4643 | P52: 6408 | R52: 88 | S52: Rexroth | T52: HG-SR421(B) | U52: MR-J4-500A/B | V52: 4.2 | W52: 1000 | X52: 40.1 | Y52: 19 | Z52: 1500 | AA52: 120 | AB52: 60.8 | AC52: 33 | AD52: 35 | AE52: 75 | AF52: HPB | AI52: Y-52S-MPB | AJ52: 52 | AK52: 16 | AL52: 132.4 | AM52: 33
A53: 重力加速度, g | B53: 9810 | C53: mm/sec2 | D53: =+B53/1000 -> 9.81 | E53: m/sec2 | K53: FEM-E-C040x40Rx6-2 | L53: 40 | M53: 40 | N53: 6 | O53: 3122 | P53: 4112 | R53: 102 | S53: Rexroth | T53: HG-SR502(B) | U53: MR-J4-500A/B | V53: 5 | W53: 2000 | X53: 23.9 | Y53: 22 | Z53: 3000 | AA53: 71.6 | AB53: 70 | AC53: 20 | AD53: 35 | AE53: 75 | AF53: HPB
A54: 全行程轉數, N | B54: =+B3/B9 -> 20 | C54: rev | K54: FEM-E-C050x05Rx3.5-5 | L54: 50 | M54: 5 | N54: 3.5 | O54: 3918 | P54: 8296 | R54: 54 | S54: Rexroth | T54: HG-SR51(B) | U54: MR-J4-60A/B | V54: 0.5 | W54: 1000 | X54: 4.8 | Y54: 2.8 | Z54: 1500 | AA54: 14.3 | AB54: 9 | AC54: 8.2 | AD54: 24 | AE54: 50 | AF54: HPB | AI54: Y-56S-MPB | AJ54: 56 | AK54: 16 | AL54: 142.6 | AM54: 33
A55: 最高額定速度, Vrated | B55: =+B31*B51*B9 -> 45000 | C55: mm/min | D55: =+B55/1000 -> 45 | E55: m/min | F55: =+ROUND(B55/60,2) -> 750 | G55: mm/s | K55: FEM-E-C050x10Rx6-6 | L55: 50 | M55: 10 | N55: 6 | O55: 9755 | P55: 16990 | R55: 90 | S55: Rexroth | T55: HG-SR52(B) | U55: MR-J4-60A/B | V55: 0.5 | W55: 2000 | X55: 2.4 | Y55: 2.9 | Z55: 3000 | AA55: 7.2 | AB55: 9 | AC55: 4.8 | AD55: 24 | AE55: 50 | AF55: HPB
A56: 最高速度, Vmax | B56: =+$B$9*B32*$B$51 -> 75000 | C56: mm/min | D56: =+B56/1000 -> 75 | E56: m/min | F56: =+ROUND(B56/60,2) -> 1250 | G56: mm/s | H56: =+ROUND(D56/60,2) -> 1.25 | I56: m/s | K56: FEM-E-C050x16Rx6-6 | L56: 50 | M56: 16 | N56: 6 | O56: 9724 | P56: 16939 | R56: 128 | S56: Rexroth | T56: HG-SR702(B) | U56: MR-J4-700A/B | V56: 7 | W56: 2000 | X56: 33.4 | Y56: 26 | Z56: 3000 | AA56: 100 | AB56: 83 | AC56: 27 | AD56: 35 | AE56: 75 | AF56: HPB
K57: FEM-E-C050x20Rx6.5-3 | L57: 50 | M57: 20 | N57: 6.5 | O57: 5867 | P57: 8969 | R57: 92 | S57: Rexroth | T57: HG-SR81(B) | U57: MR-J4-100A/B | V57: 0.85 | W57: 1000 | X57: 8.1 | Y57: 5.2 | Z57: 1500 | AA57: 24.4 | AB57: 16.6 | AC57: 9.3 | AD57: 24 | AE57: 50 | AF57: HPB
A58: 適用螺桿導程, l | B58: =+F24*1000/(B31/B51) -> 6 | C58: mm | D58: 目前選用導程 | E58: =+B9 -> 10 | F58: mm | K58: FEM-E-C050x40Rx6.5-2 | L58: 50 | M58: 40 | N58: 6.5 | O58: 3929 | P58: 5694 | R58: 109 | S58: Rexroth | T58: PM072-10 | V58: 1.6 | W58: 1000 | X58: 15.6 | Y58: 2.9 | Z58: 7000 | AA58: 42.1 | AB58: 0 | AC58: 21 | AD58: 24 | AE58: 50 | AF58: HPB
K59: FEM-E-C063x10Rx6-6 | L59: 63 | M59: 10 | N59: 6 | O59: 10878 | P59: 21867 | R59: 90 | S59: Rexroth | T59: PM072-15 | V59: 2.5 | W59: 1500 | X59: 15.6 | Y59: 4.3 | Z59: 7000 | AA59: 42.1 | AB59: 0 | AC59: 21 | AD59: 24 | AE59: 50 | AF59: HPB
K60: FEM-E-C063x20Rx6.5-3 | L60: 63 | M60: 20 | N60: 6.5 | O60: 6510 | P60: 11439 | R60: 92 | S60: Rexroth | T60: PM072-20 | V60: 3.3 | W60: 2000 | X60: 15.6 | Y60: 5.7 | Z60: 7000 | AA60: 42.1 | AB60: 0 | AC60: 21 | AD60: 24 | AE60: 50 | AF60: HPB
K61: FOIC-025x05_4-3 | L61: 25 | M61: 5 | N61: 4 | O61: 1250 | P61: 3070 | Q61: 67 | R61: 76 | S61: PMI | T61: PM072-30 | V61: 4.9 | W61: 3000 | X61: 15.6 | Y61: 8.6 | Z61: 7000 | AA61: 42.1 | AB61: 0 | AC61: 21 | AD61: 24 | AE61: 50 | AF61: HPB
A62: 最快速時滾珠螺桿之轉速 | B62: =+D24/$B$9 -> 20 | C62: rev/s | D62: =+B62*60 -> 1200 | E62: rpm | K62: FOIC-025x06_3.969-3 | L62: 25 | M62: 6 | N62: 3.969 | O62: 1275 | P62: 2740 | Q62: 52 | R62: 77 | S62: PMI | T62: PM074-10 | V62: 2.5 | W62: 1000 | X62: 24 | Y62: 4.3 | Z62: 7000 | AA62: 64.8 | AB62: 0 | AC62: 24 | AD62: 24 | AE62: 50 | AF62: HPB
A63: 最快速時伺服馬達之轉速 | B63: =+B62*B51 -> 30 | C63: rev/s | D63: =+B63*60 -> 1800 | E63: rpm | K63: FOIC-025x08_3.969-3 | L63: 25 | M63: 8 | N63: 3.969 | O63: 1275 | P63: 2740 | Q63: 52 | R63: 85 | S63: PMI | T63: PM074-15 | V63: 3.8 | W63: 1500 | X63: 24 | Y63: 6.5 | Z63: 7000 | AA63: 64.8 | AB63: 0 | AC63: 24 | AD63: 24 | AE63: 50 | AF63: HPB
K64: FOIC-025x10_4.762-2 | L64: 25 | M64: 10 | N64: 4.762 | O64: 1140 | P64: 2140 | Q64: 36 | R64: 88 | S64: PMI | T64: PM074-20 | V64: 5 | W64: 2000 | X64: 24 | Y64: 8.7 | Z64: 7000 | AA64: 64.8 | AB64: 0 | AC64: 24 | AD64: 24 | AE64: 50 | AF64: HPB
A65: 每日運轉小時數 | B65: 10 | C65: hrs | K65: FOIC-025x10_4.762-3 | L65: 25 | M65: 10 | N65: 4.762 | O65: 1610 | P65: 3210 | Q65: 53 | R65: 102 | S65: PMI | T65: PM074-30 | V65: 7.5 | W65: 3000 | X65: 24 | Y65: 13 | Z65: 7000 | AA65: 64.8 | AB65: 0 | AC65: 24 | AD65: 24 | AE65: 50 | AF65: HPB
A66: 每年運轉日數 | B66: 250 | C66: days | K66: FOIC-028x06_3.175-3 | L66: 28 | M66: 6 | N66: 3.175 | O66: 1030 | P66: 2630 | Q66: 56 | R66: 69 | S66: PMI | T66: PM076-10 | V66: 3.4 | W66: 1000 | X66: 32 | Y66: 5.9 | Z66: 7000 | AA66: 86.4 | AB66: 0 | AC66: 27 | AD66: 24 | AE66: 50 | AF66: HPB
A67: 運轉年數 | B67: 2 | C67: years | K67: FOIC-028x10_3.175-2 | L67: 28 | M67: 10 | N67: 3.175 | O67: 730 | P67: 1750 | Q67: 38 | R67: 77 | S67: PMI | T67: PM076-15 | V67: 5 | W67: 1500 | X67: 32 | Y67: 8.8 | Z67: 7000 | AA67: 86.4 | AB67: 0 | AC67: 27 | AD67: 24 | AE67: 50 | AF67: HPB
A68: 轉動率 | B68: 0.7 | K68: FOIC-032x06_3.969-3 | L68: 32 | M68: 6 | N68: 3.969 | O68: 1500 | P68: 3750 | Q68: 65 | R68: 77 | S68: PMI | T68: PM076-20 | V68: 6.7 | W68: 2000 | X68: 32 | Y68: 11.7 | Z68: 7000 | AA68: 86.4 | AB68: 0 | AC68: 27 | AD68: 24 | AE68: 50 | AF68: HPB
A69: 需求壽命, LT | B69: =+B65*B66*B67*B68 -> 3500 | C69: hrs | K69: FOIC-032x06_3.969-4 | L69: 32 | M69: 6 | N69: 3.969 | O69: 1920 | P69: 5000 | Q69: 86 | R69: 90 | S69: PMI | T69: PM076-30 | V69: 10.1 | W69: 3000 | X69: 32 | Y69: 17.6 | Z69: 7000 | AA69: 86.4 | AB69: 0 | AC69: 27 | AD69: 24 | AE69: 50 | AF69: HPB
K70: FOIC-032x10_6.35-3 | L70: 32 | M70: 10 | N70: 6.35 | O70: 2605 | P70: 5310 | Q70: 67 | R70: 120 | S70: PMI | T70: PM078-15 | V70: 6.3 | W70: 1500 | X70: 40 | Y70: 11.2 | Z70: 7000 | AA70: 108 | AB70: 0 | AC70: 30 | AD70: 24 | AE70: 50 | AF70: HPB
A71: 假設使用條件 | K71: FOIC-032x12_6.35-3 | L71: 32 | M71: 10 | N71: 6.35 | O71: 2605 | P71: 5310 | Q71: 67 | R71: 124 | S71: PMI | T71: PM078-30 | V71: 12.6 | W71: 3000 | X71: 40 | Y71: 22.4 | Z71: 7000 | AA71: 108 | AB71: 0 | AC71: 30 | AD71: 24 | AE71: 50 | AF71: HPB
A72: 運行條件 | B72: 速度(m/min) | C72: 回轉數(rpm) | D72: 軸向負荷, N | E72: 使用時間, % | F72: 使用時間, min | G72: 使用時間, sec | K72: FOIC-040x05_3.175-6 | L72: 40 | M72: 5 | N72: 3.175 | O72: 2230 | P72: 7940 | Q72: 147 | R72: 101 | S72: PMI | T72: PM102-30 | V72: 14.25 | W72: 3000 | X72: 45 | Y72: 27 | Z72: 4000 | AA72: 121.5 | AB72: 0 | AC72: 40 | AD72: 42 | AE72: 80 | AF72: HPB
A73: 等加速上昇 | B73: =+B74/2 -> 6 | C73: =+C74/2 -> 600 | D73: =+B2*D53*(SIN(B4*PI()/180)+COS(B4*PI()/180)*B5)+B2*D17 -> 5886 | E73: =+F73/$F$80*100 -> 1.6666667 | F73: =+G73/60 -> 0.1 | G73: 6 | H73: 等加速上昇 | K73: FOIC-040x10_6.35-3 | L73: 40 | M73: 20 | N73: 6.35 | O73: 3010 | P73: 7100 | Q73: 82 | R73: 123 | S73: PMI | T73: PM103-15 | V73: 8.3 | W73: 1500 | X73: 52.2 | Y73: 15.8 | Z73: 4000 | AA73: 140.9 | AB73: 0 | AC73: 50 | AD73: 42 | AE73: 80 | AF73: HPB
A74: 等速上昇 | B74: =+F24 -> 12 | C74: =+D62 -> 1200 | D74: =+B2*D53*(SIN(B4*PI()/180)+COS(B4*PI()/180)*B5) -> 4905 | E74: =+F74/$F$80*100 -> 16.666667 | F74: =+G74/60 -> 1 | G74: 60 | H74: 等速上昇 | K74: FOIC-040x10_6.35-4 | L74: 45 | M74: 10 | N74: 6.35 | O74: 3850 | P74: 9470 | Q74: 107 | R74: 143 | S74: PMI | T74: PM103-30 | V74: 16.5 | W74: 3000 | X74: 52.2 | Y74: 31.5 | Z74: 4000 | AA74: 140.9 | AB74: 0 | AC74: 50 | AD74: 42 | AE74: 80 | AF74: HPB
A75: 等減速上昇 | B75: =+B73 -> 6 | C75: =+C74/2 -> 600 | D75: =+B2*D53*(SIN(B4*PI()/180)+COS(B4*PI()/180)*B5)-B2*D17 -> 3924 | E75: =+F75/$F$80*100 -> 8.3333333 | F75: =+G75/60 -> 0.5 | G75: 30 | H75: 等減速上昇 | K75: FOIC-040x12_6.35-4 | L75: 45 | M75: 12 | N75: 6.35 | O75: 3850 | P75: 9470 | Q75: 107 | R75: 160 | S75: PMI | T75: PM104-15 | V75: 11.3 | W75: 1500 | X75: 71.3 | Y75: 21 | Z75: 4000 | AA75: 192.4 | AB75: 0 | AC75: 60 | AD75: 42 | AE75: 80 | AF75: HPB
A76: 等加速下降 | B76: =+B77/2 -> 6 | C76: =+C77/2 -> 600 | D76: =+B2*D53*(SIN(B4*PI()/180)-COS(B4*PI()/180)*B5)+B2*D17 -> 5886 | E76: =+F76/$F$80*100 -> 1.6666667 | F76: =+G76/60 -> 0.1 | G76: 6 | H76: 等加速下降 | K76: FOIC-050x10_6.35-3 | L76: 50 | M76: 10 | N76: 6.35 | O76: 3430 | P76: 9300 | Q76: 99 | R76: 123 | S76: PMI | T76: PM104-30 | V76: 22.5 | W76: 3000 | X76: 71.3 | Y76: 42 | Z76: 4000 | AA76: 192.4 | AB76: 0 | AC76: 60 | AD76: 42 | AE76: 80 | AF76: HPB
A77: 等速下降 | B77: =+F24 -> 12 | C77: =+D62 -> 1200 | D77: =+B2*D53*(SIN(B4*PI()/180)-COS(B4*PI()/180)*B5) -> 4905 | E77: =+F77/$F$80*100 -> 16.666667 | F77: =+G77/60 -> 1 | G77: 60 | H77: 等速下降 | K77: FOIC-050x10_6.35-4 | L77: 50 | M77: 10 | N77: 6.35 | O77: 4390 | P77: 12400 | Q77: 129 | R77: 143 | S77: PMI | T77: PM105-15 | V77: 13.9 | W77: 1500 | X77: 87.8 | Y77: 26.3 | Z77: 4000 | AA77: 237.1 | AB77: 0 | AC77: 70 | AD77: 42 | AE77: 80 | AF77: HPB
A78: 等減速下降 | B78: =+B76 -> 6 | C78: =+C77/2 -> 600 | D78: =+B2*D53*(SIN(B4*PI()/180)-COS(B4*PI()/180)*B5)-B2*D17 -> 3924 | E78: =+F78/$F$80*100 -> 8.3333333 | F78: =+G78/60 -> 0.5 | G78: 30 | H78: 等減速下降 | K78: FOIC-063x10_6.35-4 | L78: 63 | M78: 10 | N78: 6.35 | O78: 5020 | P78: 16450 | Q78: 158 | R78: 147 | S78: PMI | T78: PM105-30 | V78: 27.75 | W78: 3000 | X78: 87.8 | Y78: 52.5 | Z78: 4000 | AA78: 237.1 | AB78: 0 | AC78: 70 | AD78: 42 | AE78: 80 | AF78: HPB
A79: 靜止不動 | B79: 0 | C79: 0 | D79: =+B2*D53*(SIN(B4*PI()/180)-COS(B4*PI()/180)*B5)-B2*0 -> 4905 | E79: =+F79/$F$80*100 -> 46.666667 | F79: =+G79/60 -> 2.8 | G79: =2*60+48 -> 168 | H79: 靜止不動 | K79: FOIC-063x12_7.938-3 | L79: 63 | M79: 12 | N79: 7.938 | O79: 5140 | P79: 14570 | Q79: 122 | R79: 147 | S79: PMI | T79: PM106-15 | V79: 16.5 | W79: 1500 | X79: 104 | Y79: 31.2 | Z79: 4000 | AA79: 280.8 | AB79: 0 | AC79: 80 | AD79: 42 | AE79: 80 | AF79: HPB
E80: =SUM(E73:E79) -> 100 | F80: =+G80/60 -> 6 | G80: =SUM(G73:G79) -> 360 | K80: FOIC-063x12_7.938-4 | L80: 63 | M80: 12 | N80: 7.938 | O80: 6580 | P80: 19430 | Q80: 161 | R80: 171 | S80: PMI | T80: PM106-30 | V80: 33 | W80: 3000 | X80: 104 | Y80: 62.4 | Z80: 4000 | AA80: 280.8 | AB80: 0 | AC80: 80 | AD80: 42 | AE80: 80 | AF80: HPB
K81: FOIC-063x20_9.525-2 | L81: 63 | M81: 20 | N81: 9.525 | O81: 5990 | P81: 15740 | Q81: 107 | R81: 95 | S81: PMI | T81: PM108-15 | V81: 19.5 | W81: 1500 | X81: 124 | Y81: 37 | Z81: 4000 | AA81: 334.8 | AB81: 0 | AC81: 100 | AD81: 42 | AE81: 80 | AF81: HPB
A82: 考慮細長比 | K82: FOIC-080x10_6.35-3 | L82: 80 | M82: 10 | N82: 6.35 | O82: 4760 | P82: 20090 | Q82: 173 | R82: 115 | S82: PMI | T82: PM108-30 | V82: 39 | W82: 3000 | X82: 124 | Y82: 75 | Z82: 4000 | AA82: 334.8 | AB82: 0 | AC82: 100 | AD82: 42 | AE82: 80 | AF82: HPB
A83: 螺桿根徑, dr > | B83: =+B14/60 -> 7.7 | C83: mm | D83: 目前選用螺桿軸外徑, DN | E83: =+$B$8 -> 20 | F83: mm | K83: FOIC-080x16_9.525-2 | L83: 80 | M83: 16 | N83: 9.525 | O83: 11280 | P83: 41220 | Q83: 201 | R83: 175 | S83: PMI | T83: PM109-15 | V83: 22.5 | W83: 1500 | X83: 142 | Y83: 42.6 | Z83: 4000 | AA83: 383.4 | AB83: 0 | AC83: 110 | AD83: 42 | AE83: 80 | AF83: HPB
K84: FOIC-080x20_9.525-3 | L84: 80 | M84: 16 | N84: 9.525 | O84: 7960 | P84: 27480 | Q84: 137 | R84: 159 | S84: PMI | T84: PM109-30 | V84: 45 | W84: 3000 | X84: 142 | Y84: 85.2 | Z84: 4000 | AA84: 383.4 | AB84: 0 | AC84: 110 | AD84: 42 | AE84: 80 | AF84: HPB
K85: FSDC-016x05_3.175-3 | L85: 16 | M85: 5 | N85: 3 | O85: 890 | P85: 1760 | Q85: 27 | R85: 41 | S85: PMI | T85: PM132-15 | V85: 17 | W85: 1500 | X85: 105 | Y85: 31.5 | Z85: 4000 | AA85: 210 | AB85: 0 | AC85: 118 | AD85: 48 | AE85: 110 | AF85: HPB
K86: FSDC-020x10_3.175-3 | L86: 20 | M86: 10 | N86: 3.175 | O86: 990 | P86: 2220 | Q86: 33 | R86: 47 | S86: PMI | T86: PM132-30 | V86: 33.7 | W86: 3000 | X86: 105 | Y86: 63 | Z86: 4000 | AA86: 210 | AB86: 0 | AC86: 118 | AD86: 48 | AE86: 110 | AF86: HPB
K87: FSDC-020x10_4.762-4 | L87: 20 | M87: 10 | N87: 4.762 | O87: 2560 | P87: 5530 | Q87: 47 | R87: 62 | S87: PMI | T87: PM133-15 | V87: 24 | W87: 1500 | X87: 153 | Y87: 46.5 | Z87: 4000 | AA87: 306 | AB87: 0 | AC87: 138 | AD87: 48 | AE87: 110 | AF87: HPB
A88: 考慮挫屈負載的影響 | K88: FSDC-020x20_3.175-2 | L88: 20 | M88: 20 | N88: 3.175 | O88: 670 | P88: 1450 | Q88: 23 | R88: 56 | S88: PMI | T88: PM133-30 | V88: 48 | W88: 3000 | X88: 153 | Y88: 91.5 | Z88: 4000 | AA88: 306 | AB88: 0 | AC88: 138 | AD88: 48 | AE88: 110 | AF88: HPB
A89: 螺桿根徑, dr > | B89: =+(MAX(D73:D79)*B14^2/(B98*D53*10^3))^(1/4) -> 10.585436 | C89: mm | D89: 目前選用螺桿軸外徑, DN | E89: =+$B$8 -> 20 | F89: mm | K89: FSDC-025x10_3.175-3 | L89: 25 | M89: 10 | N89: 3.175 | O89: 1100 | P89: 2810 | Q89: 38 | R89: 50 | S89: PMI | T89: PM134-15 | V89: 33.8 | W89: 1500 | X89: 215 | Y89: 64.5 | Z89: 4000 | AA89: 430 | AB89: 0 | AC89: 158 | AD89: 48 | AE89: 110 | AF89: HPB
K90: FSDC-025x10_4.762-4 | L90: 25 | M90: 10 | N90: 4.762 | O90: 2880 | P90: 6870 | Q90: 55 | R90: 63 | S90: PMI | T90: PM134-30 | V90: 67.5 | W90: 3000 | X90: 215 | Y90: 129 | Z90: 4000 | AA90: 430 | AB90: 0 | AC90: 158 | AD90: 48 | AE90: 110 | AF90: HPB
K91: FSDC-025x10_6.35-5 | L91: 25 | M91: 10 | N91: 6.35 | O91: 5050 | P91: 11500 | Q91: 72 | R91: 78 | S91: PMI | T91: PM135-15 | V91: 41.3 | W91: 1500 | X91: 263 | Y91: 78.9 | Z91: 4000 | AA91: 526 | AB91: 0 | AC91: 178 | AD91: 48 | AE91: 110 | AF91: HPB
A92: 與安裝方法有關的係數 | K92: FSDC-025x15_3.175-3 | L92: 25 | M92: 15 | N92: 3.175 | O92: 1410 | P92: 3780 | Q92: 50 | R92: 81 | S92: PMI | T92: PM135-30 | V92: 82.5 | W92: 3000 | X92: 263 | Y92: 157.8 | Z92: 4000 | AA92: 526 | AB92: 0 | AC92: 178 | AD92: 48 | AE92: 110 | AF92: HPB
A93: 固定-支撐 | B93: m | C93: N | K93: FSDC-025x16_4.762-4 | L93: 25 | M93: 16 | N93: 4.762 | O93: 2830 | P93: 6790 | Q93: 55 | R93: 85 | S93: PMI | T93: PM136-15 | V93: 48 | W93: 1500 | X93: 302.7 | Y93: 90.6 | Z93: 4000 | AA93: 605.4 | AB93: 0 | AC93: 198 | AD93: 48 | AE93: 110 | AF93: HPB
A94: 支撐-支撐 | B94: 5.1 | C94: 1 | K94: FSDC-025x25_3.969-2 | L94: 25 | M94: 25 | N94: 3.175 | O94: 730 | P94: 1810 | Q94: 26 | R94: 71 | S94: PMI | T94: PM136-30 | V94: 96 | W94: 3000 | X94: 302.7 | Y94: 181.2 | Z94: 4000 | AA94: 605.4 | AB94: 0 | AC94: 198 | AD94: 48 | AE94: 110 | AF94: HPB
A95: 固定-支撐 | B95: 10.2 | C95: 2 | K95: FSDC-028x10_4.762-3 | L95: 28 | M95: 10 | N95: 4.762 | O95: 2350 | P95: 5720 | Q95: 46 | R95: 52 | S95: PMI | T95: PM137-15 | V95: 56.3 | W95: 1500 | X95: 354.7 | Y95: 106.5 | Z95: 4000 | AA95: 709.4 | AB95: 0 | AC95: 218 | AD95: 48 | AE95: 110 | AF95: HPB
A96: 固定-自由 | B96: 1.3 | C96: 0.25 | K96: FSDC-028x10_6.35-5 | L96: 28 | M96: 10 | N96: 6.35 | O96: 5280 | P96: 12530 | Q96: 77 | R96: 78 | S96: PMI | T96: PM137-30 | V96: 112.5 | W96: 3000 | X96: 354.7 | Y96: 213 | Z96: 4000 | AA96: 709.4 | AB96: 0 | AC96: 218 | AD96: 48 | AE96: 110 | AF96: HPB
A97: 固定-固定 | B97: 20.3 | C97: 4 | K97: FSDC-032x10_3.969-4 | L97: 32 | M97: 10 | N97: 3.969 | O97: 2550 | P97: 7500 | Q97: 63 | R97: 62 | S97: PMI | T97: PM138-15 | V97: 61.5 | W97: 1500 | X97: 387.7 | Y97: 116.3 | Z97: 4000 | AA97: 775.4 | AB97: 0 | AC97: 238 | AD97: 48 | AE97: 110 | AF97: HPB
A98: m | B98: =INDEX($A$94:$C$97,MATCH($A$93,$A$94:$A$97),2) -> 10.2 | K98: FSDC-032x10_4.762-5 | L98: 32 | M98: 10 | N98: 4.762 | O98: 3890 | P98: 10910 | Q98: 80 | R98: 77 | S98: PMI | T98: PM138-30 | V98: 123 | W98: 3000 | X98: 387.7 | Y98: 232.5 | Z98: 4000 | AA98: 775.4 | AB98: 0 | AC98: 238 | AD98: 48 | AE98: 110 | AF98: HPB
A99: N | B99: =INDEX($A$94:$C$97,MATCH($A$93,$A$94:$A$97),3) -> 2 | K99: FSDC-032x10_5.556-5 | L99: 32 | M99: 10 | N99: 5.556 | O99: 4900 | P99: 13360 | Q99: 84 | R99: 78 | S99: PMI | T99: PMA052-30 | V99: 0.6 | W99: 3000 | X99: 2 | Y99: 4 | Z99: 7000 | AA99: 4 | AB99: 0 | AC99: 4.2 | AD99: 19 | AE99: 55 | AF99: HPB
K100: FSDC-032x10_6.35-5 | L100: 32 | M100: 10 | N100: 6.35 | O100: 5720 | P100: 14490 | Q100: 69 | R100: 78 | S100: PMI | T100: PMA054-30 | V100: 1.2 | W100: 3000 | X100: 4 | Y100: 5 | Z100: 7000 | AA100: 8 | AB100: 0 | AC100: 5.2 | AD100: 19 | AE100: 55 | AF100: HPB
...

Sheet 扭力_500
A1: 螺桿側軸力, Faxial | B1: =+'o-Ride E_500'!B2 -> 500 | C1: kgf | D1: =+ROUND(B1*9.81,2) -> 4905 | E1: N
A2: 螺桿傳動機械效率, η | B2: 0.9
A3: 軸-淨輸入 | B3: =ROUND(B1/B2,2) -> 555.56 | C3: kgf | D3: =+ROUND(B3*9.81,2) -> 5450.04 | E3: N
A4: 螺桿導程pitch, Ph | B4: =+'o-Ride E_500'!B9 -> 10 | C4: mm | D4: =+B4/1000 -> 0.01 | E4: m
A5: 軸-淨輸入扭力, Taxial | B5: =+ROUND(B1*D4/(2*PI()*B2),2) -> 0.88 | C5: kgf-m | D5: =+ROUND(D1*D4/(2*PI()*B2),2) -> 8.67 | E5: N-m
A8: 皮帶傳動效率, ηpulley | B8: 0.95
A9: 馬達側皮帶輪齒數, N1 | B9: =+'o-Ride E_500'!B40 -> 32
A10: 螺桿側皮帶輪齒數, N2 | B10: =+'o-Ride E_500'!B46 -> 48
A11: 減速比(Slave/Drive), i | B11: =+B10/B9 -> 1.5
A14: 馬達扭力, Tdrive | B14: =+D5/(B11*B8) -> 6.0842105 | C14: N-m | D14: =+(D1*D4)/(2*PI()*B2*B11*B8) -> 6.0869785 | E14: N-m

Sheet 出力_500
A1: 馬達額定扭力, Tdrive | B1: =+'o-Ride E_500'!B29 -> 6.4 | C1: Nm
A2: 馬達側皮帶輪齒數, N1 | B2: =+'o-Ride E_500'!B40 -> 32
A3: 螺桿側皮帶輪齒數, N2 | B3: =+'o-Ride E_500'!B46 -> 48
A4: 減速比(Slave/Drive), i | B4: =+B3/B2 -> 1.5
A7: 皮帶傳動效率, ηpulley | B7: 0.95
A8: 螺桿側扭力, Taxial | B8: =+ROUND(B1*B4*B7,2) -> 9.12 | C8: N-m
A11: 螺桿導程, Ph | B11: ='o-Ride E_500'!B9/1000 -> 0.01 | C11: m
A12: 螺桿傳動機械效率, η | B12: 0.9
A13: 螺桿側軸力, Faxial | B13: =ROUND(2*PI()*B12*B8/B11,2) -> 5157.24 | C13: N | D13: =+ROUND(B13/9.81,2) -> 525.71 | E13: kgf | G13: =ROUND(2*PI()*B12*B1*B4*B7/B11,2) -> 5157.24 | H13: N

Sheet 計算公式
A1: 螺桿側軸力, Faxial | B1: N
A2: 馬達額定扭力, Tdrive | B2: Nm
A3: 螺桿側扭力, Taxial | B3: Nm
A4: 馬達額定轉速, Rrpm | B4: rev
A5: 電機功率, PkW | B5: kW
A6: 螺桿導程pitch, Ph | B6: m
A7: 傳動側齒數, N1
A8: 從動側齒數, N2
A9: 減速比(Slave/Drive), i
A10: 螺桿傳動機械效率, η | B10: 0.8
A11: 皮帶傳動效率, ηpulley | B11: 0.95
